y_true,y_pred,pnl,equity
-0.004761913760243264,0.00010747918713605031,-0.005761913760243264,0.9942380862397567
-0.009592399691439546,0.00010747918713605031,-0.009592399691439546,0.984700957128093
0.009592399691439546,0.00010747918713605031,0.009592399691439546,0.9941466022854087
0.00831852687509027,0.00010747918713605031,0.00831852687509027,1.0024164375142997
0.001182732249049856,0.00010747918713605031,0.001182732249049856,1.0036020277619255
0.04506828540170593,0.00010747918713605031,0.04506828540170593,1.0488326503788308
-0.007941051372812868,0.00010747918713605031,-0.007941051372812868,1.040503816420689
0.014697833835692897,0.00010747918713605031,0.014697833835692897,1.0557969686198445
0.012270092591814219,0.00010747918713605031,0.012270092591814219,1.0687516951829668
0.004424785980355672,0.00010747918713605031,0.004424785980355672,1.0734806927002938
-0.021194323733400022,0.00010747918713605031,-0.021194323733400022,1.0507289953776493
0.0022522532043254273,0.00010747918713605031,0.0022522532043254273,1.0530955031243663
-0.01131233782872787,0.00010747918713605031,-0.01131233782872787,1.0411825310271092
-0.006849341845574397,0.00010747918713605031,-0.006849341845574397,1.0340511159484642
-0.002293578987099476,0.00010747918713605031,-0.002293578987099476,1.031679438037338
-0.02440562736814078,0.00010747918713605031,-0.02440562736814078,1.0065006541092258
0.010532572499893256,0.00010747918713605031,0.010532572499893256,1.0171016952198213
0.0,0.00010747918713605031,0.0,1.0171016952198213
-0.0023310033864754054,0.00010747918713605031,-0.0023310033864754054,1.014730827723874
-0.002336449661019646,0.00010747918713605031,-0.002336449661019646,1.0123599602254123
0.01739174271186883,0.00010747918713605031,0.01739174271186883,1.0299666641854504
0.0034423441909732233,0.00010747918713605031,0.0034423441909732233,1.0335121639488052
0.0022883305180121383,0.00010747918713605031,0.0022883305180121383,1.035877181374306
-0.006880761092222354,0.00010747918713605031,-0.006880761092222354,1.0287495579683847
-0.018583577773713333,0.00010747918713605031,-0.018583577773713333,1.009631710548206
0.001171646296890927,0.00010747918713605031,0.001171646296890927,1.0108146418030934
-0.004694844304207635,0.00010747918713605031,-0.004694844304207635,1.0060690244394146
0.014018921179330679,0.00010747918713605031,0.014018921179330679,1.0201730267939968
-0.01519608435234554,0.00010747918713605031,-0.01519608435234554,1.0046703914248476
0.002352942262026758,0.00010747918713605031,0.002352942262026758,1.0070343228482381
-0.017783515488672297,0.00010747918713605031,-0.017783515488672297,0.9891257123702418
0.00238948739738154,0.00010747918713605031,0.00238948739738154,0.9914892157943765
-0.02049499102965502,0.00010747918713605031,-0.02049499102965502,0.9711686532106711
-0.04739041346162498,0.00010747918713605031,-0.04739041346162498,0.925144569194048
0.01016527177685056,0.00010747918713605031,0.01016527177685056,0.9345489151727828
-0.0012650223065864274,0.00010747918713605031,-0.0012650223065864274,0.9333666899484931
0.0037902761737806934,0.00010747918713605031,0.0037902761737806934,0.9369044074748055
0.005031457155367125,0.00010747918713605031,0.005031457155367125,0.9416184018596896
-0.005031457155367125,0.00010747918713605031,-0.005031457155367125,0.9368806892140273
-0.002525253867194266,0.00010747918713605031,-0.002525253867194266,0.93451482763049
-0.02172609417792648,0.00010747918713605031,-0.02172609417792648,0.9142114704747212
0.026770241064604683,0.00010747918713605031,0.026770241064604683,0.9386851319233562
0.033398280401848,0.00010747918713605031,0.033398280401848,0.9700356011683782
-0.009780029053639616,0.00010747918713605031,-0.009780029053639616,0.9605486248058867
0.0036787288574622323,0.00010747918713605031,0.0036787288574622323,0.9640822227509557
-0.014796817441439014,0.00010747918713605031,-0.014796817441439014,0.949816874102373
-0.009987598628348415,0.00010747918713605031,-0.009987598628348415,0.9403304843934059
-0.008821733329147818,0.00010747918713605031,-0.008821733329147818,0.9320351396188189
-0.015306421282675675,0.00010747918713605031,-0.015306421282675675,0.9177690171215558
0.04030772348809286,0.00010747918713605031,0.04030772348809286,0.9547621968896303
-0.021211026031636493,0.00010747918713605031,-0.021211026031636493,0.9345107110773818
-0.01781217576409988,0.00010747918713605031,-0.01781217576409988,0.9178650420382375
-0.019443256704227974,0.00010747918713605031,-0.019443256704227974,0.900018756406051
0.006523180339123691,0.00010747918713605031,0.006523180339123691,0.9058897410626815
0.0,0.00010747918713605031,0.0,0.9058897410626815
-0.025017762975287905,0.00010747918713605031,-0.025017762975287905,0.8832264062390304
-0.018843087801479808,0.00010747918713605031,-0.018843087801479808,0.8665836935176828
0.0,0.00010747918713605031,0.0,0.8665836935176828
0.009465925988882962,0.00010747918713605031,0.009465925988882962,0.8747867106236941
0.016021704531265613,0.00010747918713605031,0.016021704531265613,0.8888022848291847
-0.020067563050809145,0.00010747918713605031,-0.020067563050809145,0.8709661889386717
0.006734032181344052,0.00010747918713605031,0.006734032181344052,0.8768313032838473
-0.01215409965068348,0.00010747918713605031,-0.01215409965068348,0.8661742082468967
-0.019204979836050073,0.00010747918713605031,-0.019204979836050073,0.8495393500430084
-0.016760168857465008,0.00010747918713605031,-0.016760168857465008,0.8353009270852265
0.008415196925284585,0.00010747918713605031,0.008415196925284585,0.8423301488785215
0.043722811013831464,0.00010747918713605031,0.043722811013831464,0.8791591907891897
-0.006706933256718006,0.00010747918713605031,-0.006706933256718006,0.8732627287745364
0.038288505307016774,0.00010747918713605031,0.038288505307016774,0.9066986533996402
0.007741974153615772,0.00010747918713605031,0.007741974153615772,0.9137182909393784
-0.02077996849174557,0.00010747918713605031,-0.02077996849174557,0.8947312536433265
-0.02794593039055915,0.00010747918713605031,-0.02794593039055915,0.8697271563107524
0.04872589888230472,0.00010747918713605031,0.04872589888230472,0.9121053937843445
0.0012845216923564884,0.00010747918713605031,0.0012845216923564884,0.9132770129483758
-0.006439172281020866,0.00010747918713605031,-0.006439172281020866,0.9073962649217051
-0.013004084423207107,0.00010747918713605031,-0.013004084423207107,0.8955964072873605
-0.018494582636164214,0.00010747918713605031,-0.018494582636164214,0.8790327255241326
0.01587334915629013,0.00010747918713605031,0.01587334915629013,0.8929859188961825
0.05240815826011547,0.00010747918713605031,0.05240815826011547,0.9397856662577483
-0.007500035156546403,0.00010747918713605031,-0.007500035156546403,0.9327372407211968
0.021105687212325197,0.00010747918713605031,0.021105687212325197,0.9524233011751456
-0.006161448944048686,0.00010747918713605031,-0.006161448944048686,0.9465549936318327
0.0,0.00010747918713605031,0.0,0.9465549936318327
-0.008690309191977441,0.00010747918713605031,-0.008690309191977441,0.9383291380699619
-0.008766493212182258,0.00010747918713605031,-0.008766493212182258,0.9301032820502787
0.0,0.00010747918713605031,0.0,0.9301032820502787
-0.00630916919326463,0.00010747918713605031,-0.00630916919326463,0.9242351030766127
0.012578782206859707,0.00010747918713605031,0.012578782206859707,0.9358608551461479
-0.006269613013595077,0.00010747918713605031,-0.006269613013595077,0.9299933697498094
0.014981553615616594,0.00010747918713605031,0.014981553615616594,0.9439261152808841
-0.026366875840742043,0.00010747918713605031,-0.026366875840742043,0.9190377325964391
-0.017972242404430627,0.00010747918713605031,-0.017972242404430627,0.9025205636873975
-0.006497748657519953,0.00010747918713605031,-0.006497748657519953,0.8966562119063136
-0.003919012200735761,0.00010747918713605031,-0.003919012200735761,0.8931422052719873
0.0026143805740712622,0.00010747918713605031,0.0026143805740712622,0.8954772189033335
-0.025116984607774118,0.00010747918713605031,-0.025116984607774118,0.8729855313795262
-0.0026809667532576853,0.00010747918713605031,-0.0026809667532576853,0.8706450861938226
0.004018759594917487,0.00010747918713605031,0.004018759594917487,0.8741439994877318
-0.013459153374004718,0.00010747918713605031,-0.013459153374004718,0.8623787613276606
-0.009530364850693918,0.00010747918713605031,-0.009530364850693918,0.8541599770927185
0.004095568864737054,0.00010747918713605031,0.004095568864737054,0.8576582481004039
0.03480940466586091,0.00010747918713605031,0.03480940466586091,0.8875128211235442
0.02340809089801521,0.00010747918713605031,0.02340809089801521,0.9082878019135581
0.0012845216923564884,0.00010747918713605031,0.0012845216923564884,0.9094545172980188
0.002564103968937914,0.00010747918713605031,0.002564103968937914,0.9117864532353912
0.0025575461511171405,0.00010747918713605031,0.0025575461511171405,0.9141183891695042
0.012690525644044826,0.00010747918713605031,0.012690525644044826,0.9257190320289527
-0.002525253867194266,0.00010747918713605031,-0.002525253867194266,0.9233813564633863
-0.0127228179279677,0.00010747918713605031,-0.0127228179279677,0.9116333435870227
-0.028573372444056222,0.00010747918713605031,-0.028573372444056222,0.8855849045282905
0.006566011770890334,0.00010747918713605031,0.006566011770890334,0.891399665435546
-0.011850039917495447,0.00010747918713605031,-0.011850039917495447,0.8808365438176927
0.015769052118231208,0.00010747918713605031,0.015769052118231208,0.8947265011847966
-0.003919012200735761,0.00010747918713605031,-0.003919012200735761,0.8912200571103317
-0.009204535729071317,0.00010747918713605031,-0.009204535729071317,0.8830167902521947
-0.0026455041884241304,0.00010747918713605031,-0.0026455041884241304,0.8806807656351336
-0.006644542718668767,0.00010747918713605031,-0.006644542718668767,0.8748290446663611
-0.009377161812596846,0.00010747918713605031,-0.009377161812596846,0.8666256311561652
-0.009465925988882962,0.00010747918713605031,-0.009465925988882962,0.858422217071572
-0.0027210901143606137,0.00010747918713605031,-0.0027210901143606137,0.856086372862751
0.028208720634509188,0.00010747918713605031,0.028208720634509188,0.8802354741938466
0.0,0.00010747918713605031,0.0,0.8802354741938466
-0.018717123952937786,0.00010747918713605031,-0.018717123952937786,0.8637599977155874
0.0,0.00010747918713605031,0.0,0.8637599977155874
-0.0013504390978713587,0.00010747918713605031,-0.0013504390978713587,0.8625935424434951
-0.005420067469339429,0.00010747918713605031,-0.005420067469339429,0.8579182272448348
-0.0027210901143606137,0.00010747918713605031,-0.0027210901143606137,0.8555837544377491
0.005434795985956864,0.00010747918713605031,0.005434795985956864,0.8602336775920173
0.0,0.00010747918713605031,0.0,0.8602336775920173
-0.009530364850693918,0.00010747918713605031,-0.009530364850693918,0.8520353367877112
0.018970758629781148,0.00010747918713605031,0.018970758629781148,0.8681990935059551
0.010681009420333787,0.00010747918713605031,0.010681009420333787,0.8774723362024175
0.00793654959573642,0.00010747918713605031,0.00793654959573642,0.8844364389175747
-0.009265453445790328,0.00010747918713605031,-0.009265453445790328,0.8762417342670233
0.018445845790751925,0.00010747918713605031,0.018445845790751925,0.8924047541727339
0.0,0.00010747918713605031,0.0,0.8924047541727339
-0.009180392344961597,0.00010747918713605031,-0.009180392344961597,0.8842121283989192
-0.009265453445790328,0.00010747918713605031,-0.009265453445790328,0.8760195020870358
0.003981425299185215,0.00010747918713605031,0.003981425299185215,0.8795073082952248
-0.006644542718668767,0.00010747918713605031,-0.006644542718668767,0.8736633844138758
0.006644542718668767,0.00010747918713605031,0.006644542718668767,0.8794684780933505
0.005284028146605113,0.00010747918713605031,0.005284028146605113,0.8841156142856477
0.031130918595173362,0.00010747918713605031,0.031130918595173362,0.9116389455026959
0.0,0.00010747918713605031,0.0,0.9116389455026959
0.0038240964384033127,0.00010747918713605031,0.0038240964384033127,0.9151251407473024
0.008866429205641513,0.00010747918713605031,0.008866429205641513,0.9232390330220411
-0.015248071795161966,0.00010747918713605031,-0.015248071795161966,0.9091614179624251
0.0,0.00010747918713605031,0.0,0.9091614179624251
0.0,0.00010747918713605031,0.0,0.9091614179624251
0.011457795621381273,0.00010747918713605031,0.011457795621381273,0.9195784036762837
-0.0050761530318608195,0.00010747918713605031,-0.0050761530318608195,0.9149104829744287
-0.017972242404430627,0.00010747918713605031,-0.017972242404430627,0.8984674899960575
-0.016982772629146048,0.00010747918713605031,-0.016982772629146048,0.883209020898775
0.003944778291016249,0.00010747918713605031,0.003944778291016249,0.8866930846708462
0.006540245680609846,0.00010747918713605031,0.006540245680609846,0.8924922752878913
0.018088348472430127,0.00010747918713605031,0.018088348472430127,0.9086359865722508
-0.002564103968937914,0.00010747918713605031,-0.002564103968937914,0.906306149432761
0.0,0.00010747918713605031,0.0,0.906306149432761
0.011487043987131074,0.00010747918713605031,0.011487043987131074,0.9167169280371025
0.0037998779097745405,0.00010747918713605031,0.0037998779097745405,0.920200340441467
0.0225009492908379,0.00010747918713605031,0.0225009492908379,0.9409057216391522
0.0,0.00010747918713605031,0.0,0.9409057216391522
-0.01494423826827651,0.00010747918713605031,-0.01494423826827651,0.9268446023469921
0.030885716265964813,0.00010747918713605031,0.030885716265964813,0.9554708617577222
0.014493007302566863,0.00010747918713605031,0.014493007302566863,0.9693185079345668
0.008358257614200948,0.00010747918713605031,0.008358257614200948,0.9774203217340968
0.0,0.00010747918713605031,0.0,0.9774203217340968
-0.008358257614200948,0.00010747918713605031,-0.008358257614200948,0.9692507908876881
-0.015710292906318646,0.00010747918713605031,-0.015710292906318646,0.9540235770631614
-0.002439025599358935,0.00010747918713605031,-0.002439025599358935,0.9516966891363124
-0.02597548640326064,0.00010747918713605031,-0.02597548640326064,0.926975904727624
-0.02538207327141695,0.00010747918713605031,-0.02538207327141695,0.9034473343929894
0.010230268250814856,0.00010747918713605031,0.010230268250814856,0.9126898429743133
0.008866429205641513,0.00010747918713605031,0.008866429205641513,0.9207821428537531
0.0025188930194839365,0.00010747918713605031,0.0025188930194839365,0.9231014945658529
0.006269613013595077,0.00010747918713605031,0.006269613013595077,0.928888983709052
-0.0025031302181184323,0.00010747918713605031,-0.0025031302181184323,0.9265638536246525
-0.006285375814960581,0.00010747918713605031,-0.006285375814960581,0.9207400515880635
0.023677118526829855,0.00010747918713605031,0.023677118526829855,0.9425405229219135
0.004914014802428923,0.00010747918713605031,0.004914014802428923,0.9471721810034409
-0.007380107297622285,0.00010747918713605031,-0.007380107297622285,0.9401819486783126
0.021978906718775004,0.00010747918713605031,0.021978906718775004,0.9608461200269893
0.006020487781583039,0.00010747918713605031,0.006020487781583039,0.9666308823525933
-0.006020487781583039,0.00010747918713605031,-0.006020487781583039,0.9608112929360887
-0.013374059525256943,0.00010747918713605031,-0.013374059525256943,0.9479613455118223
-0.009840177801510919,0.00010747918713605031,-0.009840177801510919,0.9386332373230265
0.02321423732676786,0.00010747918713605031,0.02321423732676786,0.9604228920570357
0.007220247973487304,0.00010747918713605031,0.007220247973487304,0.9673573834971013
0.0023952107259548328,0.00010747918713605031,0.0023952107259548328,0.9696744082778852
0.03062665757899108,0.00010747918713605031,0.03062665757899108,0.9993722943433228
0.0057837061168490855,0.00010747918713605031,0.0057837061168490855,1.0051523699951257
0.005750447128437752,0.00010747918713605031,0.005750447128437752,1.0109324455548065
-0.011534153245286838,0.00010747918713605031,-0.011534153245286838,0.9992721958071448
0.023530497410194195,0.0001460780913475901,0.023530497410194195,1.0227855676226638
-0.04762804898925466,0.0001460780913475901,-0.04762804898925466,0.9740722865024289
0.028290429839096465,0.0001460780913475901,0.028290429839096465,1.0016292101819342
0.03830837777993934,0.0001460780913475901,0.03830837777993934,1.040000000361006
0.022562337307086455,0.0001460780913475901,0.022562337307086455,1.063464831168521
-0.0065833022491972315,0.0001460780913475901,-0.0065833022491972315,1.0564637207535472
-0.025419428836976454,0.0001460780913475901,-0.025419428836976454,1.0296090163850051
0.0040568006956145375,0.0001460780913475901,0.0040568006956145375,1.0337859349588867
-0.02320923291037058,0.0001460780913475901,-0.02320923291037058,1.0097925564149608
0.019152432214756043,0.0001460780913475901,0.019152432214756043,1.0291325399026636
0.037238345140119034,0.0001460780913475901,0.037238345140119034,1.0674557326184864
0.060778196261948914,0.0001460780913475901,0.060778196261948914,1.1323337666365152
-0.008636697732591792,0.0001460780913475901,-0.008636697732591792,1.1225541421616685
0.02327110525102949,0.0001460780913475901,0.02327110525102949,1.1486772177538918
-0.012180418556871242,0.0001460780913475901,-0.012180418556871242,1.134685848454907
0.018215439891341223,0.0001460780913475901,0.018215439891341223,1.1553546503229928
-0.006035021334469981,0.0001460780913475901,-0.006035021334469981,1.1483820603594144
-0.019560525854493527,0.0001460780913475901,-0.019560525854493527,1.1259191033769176
0.06685066089595049,0.0001460780913475901,0.06685066089595049,1.2011875395530405
0.0407296115001885,0.0001460780913475901,0.0407296115001885,1.250111441377903
0.011025470011707839,0.0001460780913475901,0.011025470011707839,1.263894507586108
0.0021905813798186458,0.0001460780913475901,0.0021905813798186458,1.2666631713604812
0.028049303809899673,0.0001460780913475901,0.028049303809899673,1.3021921914787824
0.0010632643213299708,0.0001460780913475901,0.0010632643213299708,1.3035767659754962
0.03958850294513061,0.0001460780913475901,0.03958850294513061,1.355183418614521
-0.042781693524285735,0.0001460780913475901,-0.042781693524285735,1.2972063769301607
0.0,0.0001460780913475901,0.0,1.2972063769301607
0.0074349784875180625,0.0001460780913475901,0.0074349784875180625,1.3068510784365077
0.008429976160459596,0.0001460780913475901,0.008429976160459596,1.3178678018729983
-0.0212097028068583,0.0001460780913475901,-0.0212097028068583,1.2899162174565444
-0.0042964620335053105,0.0001460780913475901,-0.0042964620335053105,1.2843741414018395
-0.013001266557373992,0.0001460780913475901,-0.013001266557373992,1.2676756508300757
0.017297728590879302,0.0001460780913475901,0.017297728590879302,1.2896035601794007
0.023306139633386458,0.0001460780913475901,0.023306139633386458,1.3196592408246541
-0.022234902251887956,0.0001460780913475901,-0.022234902251887956,1.2903167465991172
-0.0032171609517752664,0.0001460780913475901,-0.0032171609517752664,1.2861655899465367
-0.05747437959189039,0.0001460780913475901,-0.05747437959189039,1.2122440206119218
0.03904567376897328,0.0001460780913475901,0.03904567376897328,1.2595769051691235
-0.04246448051775875,0.0001460780913475901,-0.04246448051775875,1.2060896262189504
0.030356462480594093,0.0001460780913475901,0.030356462480594093,1.2427022407054997
0.002212390282940735,0.0001460780913475901,0.002212390282940735,1.2454515830674253
0.0207771279417579,0.0001460780913475901,0.0207771279417579,1.2713284899540822
0.02035421099177359,0.0001460780913475901,0.02035421099177359,1.2972053782784605
-0.0021231430480779245,0.0001460780913475901,-0.0021231430480779245,1.2944512256976393
-0.01068386230831253,0.0001460780913475901,-0.01068386230831253,1.2806214870374593
0.0,0.0001460780913475901,0.0,1.2806214870374593
0.01068386230831253,0.0001460780913475901,0.01068386230831253,1.294303470674034
-0.003193190579155125,0.0001460780913475901,-0.003193190579155125,1.29017051302491
-0.020463826650537698,0.0001460780913475901,-0.020463826650537698,1.2637686872967329
0.005425949285997156,0.0001460780913475901,0.005425949285997156,1.2706258321032362
0.022472855852058604,0.0001460780913475901,0.022472855852058604,1.2991804232699942
0.007380107297622729,0.0001460780913475901,0.007380107297622729,1.3087685141926977
-0.004210532536343514,0.0001460780913475901,-0.004210532536343514,1.3032579017811474
0.004210532536343514,0.0001460780913475901,0.004210532536343514,1.3087453115798438
0.02694463524345192,0.0001460780913475901,0.02694463524345192,1.3440089766269405
-0.011311174581523087,0.0001460780913475901,-0.011311174581523087,1.328806656453179
0.004127972838030569,0.0001460780913475901,0.004127972838030569,1.334291934238012
-0.014523076838370397,0.0001460780913475901,-0.014523076838370397,1.3149139099522555
-0.0041884877987521385,0.0001460780913475901,-0.0041884877987521385,1.309406409084011
0.00939954701150425,0.0001460780913475901,0.00939954701150425,1.3217142361833611
0.005184044787587716,0.0001460780913475901,0.005184044787587716,1.328566061980128
0.01945785914934106,0.0001460780913475901,0.01945785914934106,1.354417113284732
-0.0020304575503820033,0.0001460780913475901,-0.0020304575503820033,1.3516670268306965
-0.01846206283973517,0.0001460780913475901,-0.01846206283973517,1.3267124652429503
0.0031007776782479013,0.0001460780913475901,0.0031007776782479013,1.3308263056406289
0.0,0.0001460780913475901,0.0,1.3308263056406289
0.0030911925696730513,0.0001460780913475901,0.0030911925696730513,1.3349401460281507
-0.04848156981425955,0.0001460780913475901,-0.04848156981425955,1.270220152140629
-0.03405051637132406,0.0001460780913475901,-0.03405051637132406,1.2269685000549788
0.052242564358602195,0.0001460780913475901,0.052242564358602195,1.2910684808850788
-0.027958810376992993,0.0001460780913475901,-0.027958810376992993,1.2549717420443005
0.016225342429126766,0.0001460780913475901,0.016225342429126766,1.275334088297847
-0.01840874941006998,0.0001460780913475901,-0.01840874941006998,1.251856782652252
0.05320403606346469,0.0001460780913475901,0.05320403606346469,1.3184606160627752
0.004136510551779882,0.0001460780913475901,0.004136510551779882,1.323914442313225
0.0473640162476614,0.0001460780913475901,0.0473640162476614,1.386620347469462
-0.001970443987298953,0.0001460780913475901,-0.001970443987298953,1.3838880897431245
0.005899722127188145,0.0001460780913475901,0.005899722127188145,1.3920526449277342
0.003913899321136505,0.0001460780913475901,0.003913899321136505,1.3975009988297031
-0.001955034835803282,0.0001460780913475901,-0.001955034835803282,1.3947688356939212
0.001955034835803282,0.0001460780913475901,0.001955034835803282,1.3974956573555957
0.008750663520185498,0.0001460780913475901,0.008750663520185498,1.409724671624035
-0.016593840981211194,0.0001460780913475901,-0.016593840981211194,1.3863319245958157
0.007843177461025697,0.0001460780913475901,0.007843177461025697,1.397205171900306
-0.005876608488985191,0.0001460780913475901,-0.005876608488985191,1.3889943441262627
0.003921573653181909,0.0001460780913475901,0.003921573653181909,1.394441387750607
-0.0058881426252224145,0.0001460780913475901,-0.0058881426252224145,1.3862307179770184
0.009794397592287396,0.0001460780913475901,0.009794397592287396,1.3998080127835273
0.018349138668196652,0.0001460780913475901,0.018349138668196652,1.425493284118945
-0.009615458699442136,0.0001460780913475901,-0.009615458699442136,1.411786512319167
-0.01459879942115272,0.0001460780913475901,-0.01459879942115272,1.3911761242003309
0.003913899321136505,0.0001460780913475901,0.003913899321136505,1.39662104748842
0.0,0.0001460780913475901,0.0,1.39662104748842
0.010684900100016215,0.0001460780913475901,0.010684900100016215,1.4115438038584138
0.009615458699442136,0.0001460780913475901,0.009615458699442136,1.4251164450068678
0.008575564702395955,0.0001460780913475901,0.008575564702395955,1.4373376232894728
-0.0018993358036523134,0.0001460780913475901,-0.0018993358036523134,1.4346076364796225
-0.018225924178016495,0.0001460780913475901,-0.018225924178016495,1.4084605864719415
0.005791521979588765,0.0001460780913475901,0.005791521979588765,1.4166177169158782
-0.005791521979588765,0.0001460780913475901,-0.005791521979588765,1.408413344271685
0.001934236579830717,0.0001460780913475901,0.001934236579830717,1.411137548881697
-0.003872221682509114,0.0001460780913475901,-0.003872221682509114,1.4056733114679145
0.00580272421256689,0.0001460780913475901,0.00580272421256689,1.4138300460273285
0.0038498603854417723,0.0001460780913475901,0.0038498603854417723,1.4192730943132765
0.0,0.0001460780913475901,0.0,1.4192730943132765
0.028411001832779892,0.0001460780913475901,0.028411001832779892,1.4595960647970263
0.01114217655324179,0.0001460780913475901,0.01114217655324179,1.4758591418474116
0.0,0.0001460780913475901,0.0,1.4758591418474116
-0.005555569844601926,0.0001460780913475901,-0.005555569844601926,1.467659903304084
0.009242209964820614,0.0001460780913475901,0.009242209964820614,1.4812243242873686
-0.005535069482001109,0.0001460780913475901,-0.005535069482001109,1.473025644734008
0.003693448335351679,0.0001460780913475901,0.003693448335351679,1.4784661888494812
0.025479085300985194,0.0001460780913475901,0.025479085300985194,1.5161361549897996
-0.0017985616359150747,0.0001460780913475901,-0.0017985616359150747,1.5134092906666112
0.0017985616359150747,0.0001460780913475901,0.0017985616359150747,1.5161312505562416
0.022213263410731265,0.0001460780913475901,0.022213263410731265,1.549809473390089
-0.011489300047755613,0.0001460780913475901,-0.011489300047755613,1.532003247333456
0.024584205630538314,0.0001460780913475901,0.024584205630538314,1.569666330192554
0.03242604908624136,0.0001460780913475901,0.03242604908624136,1.6205644076643981
-0.01608159921834229,0.0001460780913475901,-0.01608159921834229,1.594503140352829
0.010186845306992875,0.0001460780913475901,0.010186845306992875,1.6107460971851175
0.014256006636032659,0.0001460780913475901,0.014256006636032659,1.6337089042355522
-0.008361252724683244,0.0001460780913475901,-0.008361252724683244,1.6200490512086734
-0.009278851895589746,0.0001460780913475901,-0.009278851895589746,1.6050168559989173
0.01263174690590052,0.0001460780913475901,0.01263174690590052,1.6252910227035997
0.023977998706660397,0.0001460780913475901,0.023977998706660397,1.6642622487439334
0.0024479816386397957,0.0001460780913475901,0.0024479816386397957,1.6683363321707398
-0.007361996441069163,0.0001460780913475901,-0.007361996441069163,1.6560540460307924
0.015478924122645843,0.0001460780913475901,0.015478924122645843,1.6816879809523038
-0.00811692768157668,0.0001460780913475901,-0.00811692768157668,1.6680378412279373
0.016970104218461568,0.0001460780913475901,0.016970104218461568,1.696344617233913
0.04235927383914184,0.0001460780913475901,0.04235927383914184,1.7682005434008785
-0.0030769255044793553,0.0001460780913475901,-0.0030769255044793553,1.7627599220518542
0.019832839232918342,0.0001460780913475901,0.019832839232918342,1.7977204561921403
-0.0330164346002193,0.0001460780913475901,-0.0330164346002193,1.738366136320796
0.007001195458983478,0.0001460780913475901,0.007001195458983478,1.7505367774204559
-0.0015515906914189692,0.0001460780913475901,-0.0015515906914189692,1.7478206608516238
0.0015515906914189692,0.0001460780913475901,0.0015515906914189692,1.750532563119271
0.003095977705128039,0.0001460780913475901,0.003095977705128039,1.7559521729067888
-0.0015467907182986629,0.0001460780913475901,-0.0015467907182986629,1.7532360823839603
-0.013245226750020933,0.0001460780913475901,-0.013245226750020933,1.7300140729264664
0.004694844304208079,0.0001460780913475901,0.004694844304208079,1.738136219642945
0.036033028139644596,0.0001460780913475901,0.036033028139644596,1.8007665309558747
-0.00680017731906446,0.0001460780913475901,-0.00680017731906446,1.788520999235138
0.0,0.0001460780913475901,0.0,1.788520999235138
0.005293018028493357,0.0001460780913475901,0.005293018028493357,1.7979876731284286
0.015713005664556245,0.0001460780913475901,0.015713005664556245,1.826239463621098
0.008869237740779745,0.0001460780913475901,0.008869237740779745,1.8424368155955475
0.0339996582194666,0.0001460780913475901,0.0339996582194666,1.9050790376167586
0.036316840197993194,0.0001460780913475901,0.036316840197993194,1.9742654885904332
0.017675511158722124,0.0001460780913475901,0.017675511158722124,2.0091616402642933
0.014051753455650573,0.0001460780913475901,0.014051753455650573,2.0373938842858377
0.049264660026495655,0.0001460780913475901,0.049264660026495655,2.137765401335241
0.0,0.0001460780913475901,0.0,2.137765401335241
-0.05192600557601024,0.0001460780913475901,-0.05192600557601024,2.0267597831853053
-0.014765368922661892,0.0001460780913475901,-0.014765368922661892,1.99683392726896
0.03259350701566577,0.0001460780913475901,0.03259350701566577,2.06191774788652
-0.021164811192043054,0.0001460780913475901,-0.021164811192043054,2.0182776480589792
0.003336673099039178,0.0001460780913475901,0.003336673099039178,2.0250119807936495
-0.00869861624042434,0.0001460780913475901,-0.00869861624042434,2.007397178690464
0.04275560775564946,0.0001460780913475901,0.04275560775564946,2.0932246650723507
0.002572348685311532,0.0001460780913475901,0.002572348685311532,2.098609168787611
0.03347328614451017,0.0001460780913475901,0.03347328614451017,2.1688565139999314
0.005574495699126825,0.0001460780913475901,0.005574495699126825,2.1809467953092474
0.0024676138369557066,0.0001460780913475901,0.0024676138369557066,2.1863285297990167
-0.023691881203210308,0.0001460780913475901,-0.023691881203210308,2.1345302939998287
0.03105839701997315,0.0001460780913475901,0.03105839701997315,2.2008253833220355
0.011553792252282591,0.0001460780913475901,0.011553792252282591,2.2262532625844886
-0.016458768364598697,0.0001460780913475901,-0.016458768364598697,2.1896118758146783
0.004904976112316106,0.0001460780913475901,0.004904976112316106,2.200351869760793
-0.02979736280494505,0.0001460780913475901,-0.02979736280494505,2.1347871867989916
0.024892386692628943,0.0001460780913475901,0.024892386692628943,2.1879271349592617
-0.0012300124552000469,0.0001460780913475901,-0.0012300124552000469,2.185235957332192
0.020707195426606706,0.0001460780913475901,0.020707195426606706,2.2304860653539174
0.016143848371356295,0.0001460780913475901,0.016143848371356295,2.266494694187414
-0.00118694375952888,0.0001460780913475901,-0.00118694375952888,2.2638044924541427
0.019988907741928852,0.0001460780913475901,0.019988907741928852,2.3090554715995726
0.019026229741651246,0.0001460780913475901,0.019026229741651246,2.352988091488443
0.0011415526353824035,0.0001460780913475901,0.0011415526353824035,2.3556741512453048
-0.016681433697596226,0.0001460780913475901,-0.016681433697596226,2.316378129078165
0.013252858910418386,0.0001460780913475901,0.013252858910418386,2.347076761606017
0.020397307729083547,0.0001460780913475901,0.020397307729083547,2.394950808576276
0.001121076350599548,0.0001460780913475901,0.001121076350599548,2.39763573128862
0.010588006408829287,0.0001460780913475901,0.010588006408829287,2.423021913777542
0.0,0.0001460780913475901,0.0,2.423021913777542
-0.0011092624542858864,0.0001460780913475901,-0.0011092624542858864,2.4203341465426766
0.007188308530667875,0.0001460780913475901,0.007188308530667875,2.437732255135336
0.042077404510371785,0.0001460780913475901,0.042077404510371785,2.540305701322646
-0.004765696073014247,0.0001460780913475901,-0.004765696073014247,2.528199376417597
-0.005321992337941062,0.0001460780913475901,-0.005321992337941062,2.514744318707515
0.0010666667678025377,0.0001460780913475901,0.0010666667678025377,2.5174267129018006
0.0021299262578251543,0.0001460780913475901,0.0021299262578251543,2.5227886461597606
-0.0699431709027607,0.0001460780913475901,-0.0699431709027607,2.3463368087298644
-0.01031575064861645,0.0010142481187358499,-0.01031575064861645,2.3221325832733366
-0.03933685428147404,0.0010142481187358499,-0.03933685428147404,2.2307871922228504
0.025134443460496758,0.0010142481187358499,0.025134443460496758,2.2868567867781757
-0.023410305102356865,0.0010142481187358499,-0.023410305102356865,2.233320771674303
0.02172609417792648,0.0010142481187358499,0.02172609417792648,2.2818421090892183
-0.00549335841610743,0.0010142481187358499,-0.00549335841610743,2.2693071325350247
0.03701815893251181,0.0010142481187358499,0.03701815893251181,2.353312704633889
0.028975870235751877,0.0010142481187358499,0.028975870235751877,2.4215019881875066
-0.008364916331627725,0.0010142481187358499,-0.008364916331627725,2.401246326659448
0.0015987213636972086,0.0010142481187358499,0.0015987213636972086,2.405085250461378
0.023288994144082142,0.0010142481187358499,0.023288994144082142,2.461097266775391
0.035266207311968056,0.0010142481187358499,0.035266207311968056,2.54789083320041
-0.015945668155426862,0.0010142481187358499,-0.015945668155426862,2.5072630114779426
0.011415649083676538,0.0010142481187358499,0.011415649083676538,2.535885046177457
-0.01948485713212378,0.0010142481187358499,-0.01948485713212378,2.4864736883492
-0.0015444018513739444,0.0010142481187358499,-0.0015444018513739444,2.482633573781521
0.008081629515936939,0.0010142481187358499,0.008081629515936939,2.5026972985486498
0.02386024951980792,0.0010142481187358499,0.02386024951980792,2.56241228056457
0.041779619683214975,0.0010142481187358499,0.041779619683214975,2.669468891118157
0.007509422022131229,0.0010142481187358499,0.007509422022131229,2.689515059596514
-0.015075662405447332,0.0010142481187358499,-0.015075662405447332,2.6489688385236705
-0.0028975029326381296,0.0010142481187358499,-0.0028975029326381296,2.6412934435455813
0.030012970830390895,0.0010142481187358499,0.030012970830390895,2.7205665066212177
0.0059659766356250366,0.0010142481187358499,0.0059659766356250366,2.736797342835384
-0.014804641211879854,0.0010142481187358499,-0.014804641211879854,2.69628004010508
0.004252309738530524,0.0010142481187358499,0.004252309738530524,2.707745457977424
0.0660181543702083,0.0010142481187358499,0.0660181543702083,2.886505815617408
0.05192202751106034,0.0010142481187358499,0.05192202751106034,3.0363790499867305
-0.027398974188114433,0.0010142481187358499,-0.027398974188114433,2.9531853787708124
0.0054759357319902335,0.0010142481187358499,0.0054759357319902335,2.9693568321096144
0.003847391728894145,0.0010142481187358499,0.003847391728894145,2.980781111025608
-0.03384638078383029,0.0010142481187358499,-0.03384638078383029,2.8798924585085866
-0.052321715503302,0.0010142481187358499,-0.052321715503302,2.729211544614395
0.005912032521469879,0.0010142481187358499,0.005912032521469879,2.7453467320241267
0.025335144865905157,0.0010142481187358499,0.025335144865905157,2.8149004891870972
0.028659075710831594,0.0010142481187358499,0.028659075710831594,2.895572935425167
0.009481843148908098,0.0010142481187358499,0.009481843148908098,2.923028303825092
-0.007512692529027198,0.0010142481187358499,-0.007512692529027198,2.9010684909248106
-0.026579637804712064,0.0010142481187358499,-0.026579637804712064,2.8239591411893663
-0.007774249059050664,0.0010142481187358499,-0.007774249059050664,2.8020049794931774
0.013481835478415416,0.0010142481187358499,0.013481835478415416,2.8397811496364054
-0.017562085953913176,0.0010142481187358499,-0.017562085953913176,2.7899086689961883
0.009832254153780529,0.0010142481187358499,0.009832254153780529,2.8173397600955945
-0.005752003678282769,0.0010142481187358499,-0.005752003678282769,2.8011344114325523
-0.015732198616290383,0.0010142481187358499,-0.015732198616290383,2.7570664085209695
0.0020661164374717877,0.0010142481187358499,0.0020661164374717877,2.762762828746816
0.03282311232514923,0.0010142481187358499,0.03282311232514923,2.85344530340252
-0.01138278108727997,0.0010142481187358499,-0.01138278108727997,2.820965160169362
-0.005740350052822585,0.0010142481187358499,-0.005740350052822585,2.804771832663173
0.02475042727779586,0.0010142481187358499,0.02475042727779586,2.8741911339383135
-0.009626630359175437,0.0010142481187358499,-0.009626630359175437,2.84652235831027
-0.021237946400346264,0.0010142481187358499,-0.021237946400346264,2.786068069037089
-0.0643795332089625,0.0010142481187358499,-0.0643795332089625,2.606702307264086
0.038843293996875694,0.0010142481187358499,0.038843293996875694,2.707955211347479
-0.018342665945866532,0.0010142481187358499,-0.018342665945866532,2.658284093509364
-0.03514217804395736,0.0010142481187358499,-0.03514217804395736,2.564866200603838
-0.05106043840792118,0.0010142481187358499,-0.05106043840792118,2.433903007943347
0.01234107448436328,0.0010142481187358499,0.01234107448436328,2.4639399862520914
-0.011177607221064978,0.0010142481187358499,-0.011177607221064978,2.436399032869489
0.03278982282299081,0.0010142481187358499,0.03278982282299081,2.5162881254833858
0.005237572766248366,0.0010142481187358499,0.005237572766248366,2.529467367641452
-0.05365271349232037,0.0010142481187358499,-0.05365271349232037,2.393754579677211
0.06552228904770407,0.0010142481187358499,0.06552228904770407,2.5505988591560866
-0.011869575555383705,0.0010142481187358499,-0.011869575555383705,2.520324333285858
0.009654735225830713,0.0010142481187358499,0.009654735225830713,2.5446573974069513
-0.030009753867991762,0.0010142481187358499,-0.030009753867991762,2.4682928552324044
-0.004580160678574252,0.0010142481187358499,-0.004580160678574252,2.456987677353663
0.0133005950879026,0.0010142481187358499,0.0133005950879026,2.4896670755861106
0.010514554248282959,0.0010142481187358499,0.010514554248282959,2.5158448151125246
0.008555008472067804,0.0010142481187358499,0.008555008472067804,2.5373678888202202
0.004434597067865642,0.0010142481187358499,0.004434597067865642,2.548620093020079
-0.0011068069751911658,0.0010142481187358499,-0.0011068069751911658,2.545799262524012
0.0,0.0010142481187358499,0.0,2.545799262524012
0.005154650588664822,0.0010142481187358499,0.005154650588664822,2.558921968191204
0.02717066255166678,0.0010142481187358499,0.02717066255166678,2.628449573484974
-0.008254129044891645,0.0010142481187358499,-0.008254129044891645,2.6067540115174386
0.02631730831737311,0.0010142481187358499,0.02631730831737311,2.675356760546092
-0.005984879684297617,0.0010142481187358499,-0.005984879684297617,2.6593450722216514
-0.009223194151204428,0.0010142481187358499,-0.009223194151204428,2.6348174163055025
-0.011109234481871066,0.0010142481187358499,-0.011109234481871066,2.605546611810847
0.00503236144695407,0.0010142481187358499,0.00503236144695407,2.6186586641283656
0.016358828534363656,0.0010142481187358499,0.016358828534363656,2.661496852204867
0.019214564944625145,0.0010142481187358499,0.019214564944625145,2.712636356321473
0.0,0.0010142481187358499,0.0,2.712636356321473
0.009641947976253284,0.0010142481187358499,0.009641947976253284,2.7387914549476178
-0.038069901978487586,0.0010142481187358499,-0.038069901978487586,2.6345259327182426
-0.031094334430483705,0.0010142481187358499,-0.031094334430483705,2.5526071023005197
0.0054935131746343124,0.0010142481187358499,0.0054935131746343124,2.5666298830466725
0.013423020332140823,0.0010142481187358499,0.013423020332140823,2.6010818081518883
-0.014519311324453277,0.0010142481187358499,-0.014519311324453277,2.5633158915989593
-0.0021961941477433022,0.0010142481187358499,-0.0021961941477433022,2.557686352239012
0.02282294317392486,0.0010142481187358499,0.02282294317392486,2.616060282512886
0.012104099362209464,0.0010142481187358499,0.012104099362209464,2.6477253361099518
-0.0017708522424761952,0.0010142481187358499,-0.0017708522424761952,2.6430366057610404
0.03961602126020036,0.0010142481187358499,0.03961602126020036,2.7477432001263575
-0.009585831703320835,0.0010142481187358499,-0.009585831703320835,2.721403796246002
0.011628037995119023,0.0010142481187358499,0.011628037995119023,2.7530483829888115
0.01183045739898736,0.0010142481187358499,0.01183045739898736,2.7856182046011115
-0.007758514209059708,0.0010142481187358499,-0.007758514209059708,2.7640059461796986
-0.013981472427345931,0.0010142481187358499,-0.013981472427345931,2.725361073254167
-0.00966191091173707,0.0010142481187358499,-0.00966191091173707,2.6990288773620694
0.025335144865905157,0.0010142481187358499,0.025335144865905157,2.7674091649672987
-0.005763704716749807,0.0010142481187358499,-0.005763704716749807,2.75145863571
0.009812293242750236,0.0010142481187358499,0.009812293242750236,2.778456754688884
-0.009812293242750236,0.0010142481187358499,-0.009812293242750236,2.751193722249577
-0.00990952923741828,0.0010142481187358499,-0.00990952923741828,2.723930687621143
0.0020583197661543373,0.0010142481187358499,0.0020583197661543373,2.7295374079971078
0.0020540917869378283,0.0010142481187358499,0.0020540917869378283,2.735144128369014
-0.004112411553092166,0.0010142481187358499,-0.004112411553092166,2.723896090056137
0.0,0.0010142481187358499,0.0,2.723896090056137
0.035091319811269894,0.0010142481187358499,0.035091319811269894,2.8194811988849646
0.013175421158564404,0.0010142481187358499,0.013175421158564404,2.856629051128928
-0.007554642597829897,0.0010142481187358499,-0.007554642597829897,2.835048239613071
0.00951606852904785,0.0010142481187358499,0.00951606852904785,2.8620267529443857
0.038441632680103144,0.0010142481187358499,0.038441632680103144,2.972047734101702
-0.003778342026405923,0.0010142481187358499,-0.003778342026405923,2.960818321243461
0.014406763427530667,0.0010142481187358499,0.014406763427530667,3.003474130349514
-0.008744590388751305,0.0010142481187358499,-0.008744590388751305,2.9772099793363966
0.0015671528046765637,0.0010142481187358499,0.0015671528046765637,2.9818757223056247
0.026577584129865883,0.0010142481187358499,0.026577584129865883,3.061126775180007
-0.0033603208647545735,0.0010142481187358499,-0.0033603208647545735,3.0508404070077106
-0.0036787288574626764,0.0010142481187358499,-0.0036787288574626764,3.0396171923629383
0.0,0.0010142481187358499,0.0,3.0396171923629383
0.008867203796280254,0.0010142481187358499,0.008867203796280254,3.0665700974702976
0.010598130991823496,0.0010142481187358499,0.010598130991823496,3.099070009058897
-0.0124262850658865,0.0010142481187358499,-0.0124262850658865,3.060560081687192
-0.0051979936636890045,0.0010142481187358499,-0.0051979936636890045,3.0446513097752423
0.0051979936636890045,0.0010142481187358499,0.0051979936636890045,3.0604773879915963
-0.008575856540742777,0.0010142481187358499,-0.008575856540742777,3.034231172965993
-0.028707119501820255,0.0010142481187358499,-0.028707119501820255,2.94712713608751
0.021607228587754435,0.0010142481187358499,0.021607228587754435,3.010806385794127
0.028102032520695097,0.0010142481187358499,0.028102032520695097,3.09541616476123
0.0015048911794202091,0.0010142481187358499,0.0015048911794202091,3.100074429244214
-0.015457195158874448,0.0010142481187358499,-0.015457195158874448,3.05215597378435
-0.025051565216298144,0.0010142481187358499,-0.025051565216298144,2.9756946893567773
-0.003450983817050002,0.0010142481187358499,-0.003450983817050002,2.9654256151393255
0.001883831012373438,0.0010142481187358499,0.001883831012373438,2.9710119758780116
0.01246898947973385,0.0010142481187358499,0.01246898947973385,3.0080574929493977
0.005252599748351017,0.0010142481187358499,0.005252599748351017,3.0238576149798893
0.0033840979842403307,0.0010142481187358499,0.0033840979842403307,3.0340906454393726
-0.005234807951101317,0.0010142481187358499,-0.005234807951101317,3.0182077636042646
-0.02153305230000324,0.0010142481187358499,-0.02153305230000324,2.953216537978298
-0.02362063216170851,0.0010142481187358499,-0.02362063216170851,2.8834596964408385
0.010922048824581143,0.0010142481187358499,0.010922048824581143,2.9149529840290773
-0.018378721403714326,0.0010142481187358499,-0.018378721403714326,2.861379875230681
-0.030395468452413255,0.0010142481187358499,-0.030395468452413255,2.7744068935027366
-0.011471110940376672,0.0010142481187358499,-0.011471110940376672,2.742581364233621
-0.028568454657158515,0.0010142481187358499,-0.028568454657158515,2.664230052885945
-0.03989132902730175,0.0010142481187358499,-0.03989132902730175,2.557950375241846
0.013355188574254662,0.0010142481187358499,0.013355188574254662,2.5921122848667864
0.01847299422669879,0.0010142481187358499,0.01847299422669879,2.6399963601400853
-0.01847299422669879,0.0010142481187358499,-0.01847299422669879,2.5912277226207117
0.012471210985643744,0.0010142481187358499,0.012471210985643744,2.623543470261364
-0.004258345682577325,0.0010142481187358499,-0.004258345682577325,2.612371515251722
-0.013245226750020489,0.0010142481187358499,-0.013245226750020489,2.5777700621769184
0.011109234481871066,0.0010142481187358499,0.011109234481871066,2.606407114237989
0.001068566441837504,0.0010142481187358499,0.001068566441837504,2.6091922334140305
-0.008221672764492371,0.0010142481187358499,-0.008221672764492371,2.587740308691245
-0.018475439483669476,0.0010142481187358499,-0.018475439483669476,2.5399306692185677
-0.0418127349892079,0.0010142481187358499,-0.0418127349892079,2.4337292212555703
0.0396165408414646,0.0010142481187358499,0.0396165408414646,2.5301451543465077
-0.008463711977605204,0.0010142481187358499,-0.008463711977605204,2.5087307344985854
-0.0022197567383126504,0.0010142481187358499,-0.0022197567383126504,2.50316196254607
-0.012672551253766429,0.0010142481187358499,-0.012672551253766429,2.471440514279226
0.0011246486658702537,0.0010142481187358499,0.0011246486658702537,2.474220016556388
0.02442756545155733,0.0010142481187358499,0.02442756545155733,2.5346591879523728
0.0018264845260342888,0.0010142481187358499,0.0018264845260342888,2.5392887037379386
-0.006223706708356147,0.0010142481187358499,-0.006223706708356147,2.523484915598032
-0.017037449153407103,0.0010142481187358499,-0.017037449153407103,2.4804911696591407
0.004472612748512184,0.0010142481187358499,0.004472612748512184,2.49158544608713
-0.017254741664575857,0.0010142481187358499,-0.017254741664575857,2.4485937828796795
-0.021802355272486196,0.0010142481187358499,-0.021802355272486196,2.3952086713073357
-0.0034863486794378673,0.0010142481187358499,-0.0034863486794378673,2.386858138719145
0.024152985487996936,0.0010142481187358499,0.024152985487996936,2.444507888705536
-0.003034903695154245,0.0010142481187358499,-0.003034903695154245,2.43708904268127
-0.002282237582466262,0.0010142481187358499,-0.002282237582466262,2.431527026476246
0.0,0.0010142481187358499,0.0,2.431527026476246
-0.0022874581075988942,0.0010142481187358499,-0.0022874581075988942,2.425965010265687
0.015151805020602538,0.0010142481187358499,0.015151805020602538,2.4627227590880367
0.007490671729157405,0.0010142481187358499,0.007490671729157405,2.48117020683629
0.001118776920721487,0.0010142481187358499,0.001118776920721487,2.48394608280008
-0.015020935821334902,0.0010142481187358499,-0.015020935821334902,2.4466348881066837
-0.006452859741547634,0.0010142481187358499,-0.006452859741547634,2.430847096334954
-0.003433152332595668,0.0010142481187358499,-0.003433152332595668,2.4225016279559886
-0.011916343198342894,0.0010142481187358499,-0.011916343198342894,2.3936342671587205
0.02406992994026691,0.0010142481187358499,0.02406992994026691,2.451248876271853
0.010514554248282959,0.0010142481187358499,0.010514554248282959,2.477022665557456
-0.00938269221459942,0.0010142481187358499,-0.00938269221459942,2.453781524277944
-0.034135624941681986,0.0010142481187358499,-0.034135624941681986,2.3700201584763634
-0.015729777723013427,0.0010142481187358499,-0.015729777723013427,2.332740268184469
-0.01156082240107592,0.0010142481187358499,-0.01156082240107592,2.3057718722361504
0.01156082240107592,0.0010142481187358499,0.01156082240107592,2.3324284913484687
-0.016383982876505332,0.0010142481187358499,-0.016383982876505332,2.294214022885542
