date,y,y_direction
2015-01-05,0.008683122573460933,1.0
2015-01-06,-0.008683122573460933,0.0
2015-01-07,0.0,0.0
2015-01-08,0.020144566092467286,1.0
2015-01-09,0.0,0.0
2015-01-12,0.0,0.0
2015-01-13,0.0,0.0
2015-01-14,0.0,0.0
2015-01-15,-0.020144566092467286,0.0
2015-01-16,-0.008759180089881635,0.0
2015-01-19,0.008759180089881635,1.0
2015-01-20,0.008683122573460933,1.0
2015-01-21,-0.008683122573460933,0.0
2015-01-22,-0.029500664396697962,0.0
2015-01-23,-0.033488669754043965,0.0
2015-01-26,0.01536128516148727,1.0
2015-01-27,0.0,0.0
2015-01-28,-0.021572485254127916,0.0
2015-01-29,-0.03486882565082383,0.0
2015-01-30,-0.006472514505617477,0.0
2015-02-02,-0.016366977464205457,0.0
2015-02-03,-0.033560196492301575,0.0
2015-02-04,-0.0034188067487856966,0.0
2015-02-05,0.023689771122404668,1.0
2015-02-06,-0.027120306219193813,0.0
2015-02-09,0.033786997577383016,1.0
2015-02-10,0.0422827211593777,1.0
2015-02-11,0.00950878796902721,1.0
2015-02-12,0.006289328907564062,1.0
2015-02-13,0.003129893008927631,1.0
2015-02-24,-0.018928009885518904,0.0
2015-02-25,-0.009600073729019165,0.0
2015-02-26,-0.01620781022685347,0.0
2015-02-27,-0.019802627296179542,0.0
2015-03-02,0.019802627296179542,1.0
2015-03-03,0.0,0.0
2015-03-04,0.0032626456348163746,1.0
2015-03-05,-0.0032626456348163746,0.0
2015-03-06,0.03215711163453139,1.0
2015-03-09,-0.01273902577742958,0.0
2015-03-10,-0.012903404835908017,0.0
2015-03-11,-0.013072081567352845,0.0
2015-03-12,-0.006600684031351944,0.0
2015-03-13,-0.030254408357802243,0.0
2015-03-16,-0.0034188067487856966,0.0
2015-03-17,-0.006872879287762146,0.0
2015-03-18,-0.013889112160667016,0.0
2015-03-19,0.05111845392902303,1.0
2015-03-20,-0.03035646248059387,0.0
2015-03-23,-0.013793322132335861,0.0
2015-03-24,-0.006968669316093301,0.0
2015-03-25,-0.003502630551202035,0.0
2015-03-26,0.0,0.0
2015-03-27,0.003502630551202035,1.0
2015-03-30,0.0,0.0
2015-03-31,0.0,0.0
2015-04-01,0.0,0.0
2015-04-02,0.020761991448429162,1.0
2015-04-03,-0.013793322132335861,0.0
2015-04-06,0.0,0.0
2015-04-07,-0.0034782643763247023,0.0
2015-04-08,0.0,0.0
2015-04-09,0.0,0.0
2015-04-10,0.0,0.0
2015-04-13,0.0034782643763247023,1.0
2015-04-14,0.013793322132335861,1.0
2015-04-15,0.0,0.0
2015-04-16,0.013605652055778572,1.0
2015-04-17,-0.010186845306992875,0.0
2015-04-20,0.0,0.0
2015-04-21,0.0,0.0
2015-04-22,-0.013745920904635334,0.0
2015-04-23,0.0,0.0
2015-04-24,-0.010434877292579525,0.0
2015-04-27,-0.017637141486106733,0.0
2015-05-04,0.021127546425875332,1.0
2015-05-05,-0.01757514482150757,0.0
2015-05-06,0.007067167223092419,1.0
2015-05-07,-0.01061956882746018,0.0
2015-05-08,-0.017953803616596042,0.0
2015-05-11,-0.029413885206293067,0.0
2015-05-12,-0.022642476749759832,0.0
2015-05-13,0.018904154639152626,1.0
2015-05-14,-0.02656702738472183,0.0
2015-05-15,-0.05129329438755048,0.0
2015-05-18,0.00806455983673049,1.0
2015-05-19,0.0660434123169914,1.0
2015-05-20,0.0,0.0
2015-05-21,0.0074906717291576275,1.0
2015-05-22,-0.0074906717291576275,0.0
2015-05-25,0.01862251209800181,1.0
2015-05-26,-0.014870162479451388,0.0
2015-05-27,0.0,0.0
2015-05-28,-0.007518832414027399,0.0
2015-05-29,-0.0075757938084576315,0.0
2015-06-01,-0.003809528416667596,0.0
2015-06-02,-0.02708095860267079,0.0
2015-06-03,0.003913899321136394,1.0
2015-06-04,-0.015748356968139254,0.0
2015-06-05,0.027398974188114433,1.0
2015-06-08,0.03788331790230137,1.0
2015-06-09,0.04719569133627455,1.0
2015-06-10,0.01757514482150757,1.0
2015-06-11,-0.006993035490970634,0.0
2015-06-12,0.003502630551202035,1.0
2015-06-15,0.006968669316093301,1.0
2015-06-16,-0.01751358249270818,0.0
2015-06-17,-0.003539826705124094,0.0
2015-06-18,-0.028778964550043362,0.0
2015-06-19,0.010889399799268284,1.0
2015-06-22,0.014337163146407317,1.0
2015-06-23,-0.01073355564310896,0.0
2015-06-24,-0.018149318505677137,0.0
2015-06-25,-0.0036697288889624424,0.0
2015-06-26,0.025409715525368304,1.0
2015-06-29,0.03174869831458027,1.0
2015-06-30,-0.024605810802200034,0.0
2015-07-01,0.014134510934904698,1.0
2015-07-02,0.003502630551202035,1.0
2015-07-03,0.02418079819721486,1.0
2015-07-06,0.023609865639133698,1.0
2015-07-07,-0.010050335853501569,0.0
2015-07-08,-0.02040887163120697,0.0
2015-07-09,-0.010362787035546717,0.0
2015-07-10,-0.006968669316093301,0.0
2015-07-13,0.017331456351640018,1.0
2015-07-14,-0.020834086902842053,0.0
2015-07-15,0.03448617607116922,1.0
2015-07-16,0.02013490840905585,1.0
2015-07-17,0.009917436657346013,1.0
2015-07-20,0.02917548913393153,1.0
2015-07-21,0.06493780243654723,1.0
2015-07-22,-0.012048338516174484,0.0
2015-07-23,0.04445176257083383,1.0
2015-07-24,0.028573372444056,1.0
2015-07-27,-0.037307052412810515,0.0
2015-07-28,-0.02666824708216131,0.0
2015-07-29,0.005988041844622538,1.0
2015-07-30,-0.03338701603273697,0.0
2015-07-31,0.0,0.0
2015-08-03,0.0030816665374080454,1.0
2015-08-04,0.030305349495328926,1.0
2015-08-05,-0.012012156448003575,0.0
2015-08-06,0.026827242233144144,1.0
2015-08-07,0.020379162336652268,1.0
2015-08-10,-0.008683122573460933,0.0
2015-08-11,-0.03550668845690996,0.0
2015-08-12,-0.018237587549780887,0.0
2015-08-13,-0.0030721990369699803,0.0
2015-08-14,-0.028082968742825454,0.0
2015-08-17,0.01257878220686015,1.0
2015-08-18,-0.009419221916491693,0.0
2015-08-19,-0.022329476398088577,0.0
2015-08-20,-0.029462032730316334,0.0
2015-08-21,-0.07232066157962613,0.0
2015-08-24,0.06565397022143693,1.0
2015-08-25,0.048949412517566904,1.0
2015-08-26,-0.006389798098770827,0.0
2015-08-27,0.009569451016150587,1.0
2015-08-28,-0.016000341346441127,0.0
2015-08-31,0.0,0.0
2015-09-01,-0.03278982282299081,0.0
2015-09-03,-0.013423020332140823,0.0
2015-09-04,-0.017036187152567717,0.0
2015-09-07,0.033786997577383016,1.0
2015-09-08,0.016474837203505066,1.0
2015-09-09,-0.009852296443011666,0.0
2015-09-10,-0.0233733511853087,0.0
2015-09-11,-0.013605652055778572,0.0
2015-09-14,-0.0034305350967891446,0.0
2015-09-15,0.017036187152567717,1.0
2015-09-16,0.010084119066626096,1.0
2015-09-17,0.026404174196510644,1.0
2015-09-18,0.028894465999715013,1.0
2015-09-21,0.003159560290368457,1.0
2015-09-22,-0.00632913505164745,0.0
2015-09-23,-0.006369448285479917,0.0
2015-09-24,-0.00963089306096121,0.0
2015-09-25,-0.029462032730316334,0.0
2015-09-28,-0.0033277900926744763,0.0
2015-09-29,0.009950330853167877,1.0
2015-09-30,0.009852296443011666,1.0
2015-10-01,0.009756174945364737,1.0
2015-10-02,0.01286191364240774,1.0
2015-10-05,0.01898791224469143,1.0
2015-10-06,-0.015798116876591273,0.0
2015-10-07,0.022048137221762465,1.0
2015-10-08,0.006211200092640645,1.0
2015-10-09,0.012307847674597028,1.0
2015-10-12,-0.012307847674597028,0.0
2015-10-13,-0.0031007776782481233,0.0
2015-10-14,0.0,0.0
2015-10-15,-0.009360442759563714,0.0
2015-10-16,0.0,0.0
2015-10-19,-0.01898791224469143,0.0
2015-10-20,-0.006410278360919008,0.0
2015-10-21,0.006410278360919008,1.0
2015-10-22,0.012698583337127367,1.0
2015-10-23,0.0031496089028963947,1.0
2015-10-26,-0.006309169193264852,0.0
2015-10-27,-0.00953902304675891,0.0
2015-10-28,0.0031897953681001567,1.0
2015-10-29,0.0,0.0
2015-10-30,-0.009600073729019165,0.0
2015-11-02,0.009600073729019165,1.0
2015-11-03,-0.012820688429061367,0.0
2015-11-04,-0.003231020581446531,0.0
2015-11-05,0.0,0.0
2015-11-06,-0.009756174945364737,0.0
2015-11-09,-0.0065574005461590534,0.0
2015-11-10,-0.006600684031351944,0.0
2015-11-11,-0.006644542718668545,0.0
2015-11-12,0.0,0.0
2015-11-13,-0.016807118316381375,0.0
2015-11-16,0.02013490840905585,1.0
2015-11-17,-0.0033277900926744763,0.0
2015-11-18,-0.010050335853501569,0.0
2015-11-19,0.0033613477027047978,1.0
2015-11-20,0.010016778243471247,1.0
2015-11-23,-0.0033277900926744763,0.0
2015-11-24,0.03278982282299081,1.0
2015-11-25,0.01916991610772012,1.0
2015-11-26,-0.01273902577742958,0.0
2015-11-27,-0.02597548640326086,0.0
2015-11-30,-0.006600684031351944,0.0
2015-12-01,0.009884759232541951,1.0
2015-12-02,0.0,0.0
2015-12-03,-0.009884759232541951,0.0
2015-12-04,-0.013333530869465315,0.0
2015-12-07,0.013333530869465315,1.0
2015-12-08,-0.016694878572170113,0.0
2015-12-09,-0.01355952978563213,0.0
2015-12-10,0.01355952978563213,1.0
2015-12-11,0.026579637804712064,1.0
2015-12-14,0.0,0.0
2015-12-15,-0.0032840752011900065,0.0
2015-12-16,-0.003294895896852612,0.0
2015-12-17,0.0,0.0
2015-12-18,-0.013289232118682603,0.0
2015-12-21,-0.010084119066626096,0.0
2015-12-22,-0.0067796869853786745,0.0
2015-12-23,0.0,0.0
2015-12-24,0.0,0.0
2015-12-25,-0.02061928720273576,0.0
2015-12-28,0.0,0.0
2015-12-29,0.013793322132335861,1.0
2015-12-30,-0.0034305350967891446,0.0
2015-12-31,-0.013841051411871419,0.0
2016-01-04,-0.010507977598415152,0.0
2016-01-05,0.01745244995122608,1.0
2016-01-06,-0.02807201877868626,0.0
2016-01-07,-0.017953803616596042,0.0
2016-01-08,0.0,0.0
2016-01-11,0.010810916104215806,1.0
2016-01-12,-0.018083675433295365,0.0
2016-01-13,-0.03717900324175405,0.0
2016-01-14,-0.038614836127779606,0.0
2016-01-15,-0.02794593039055937,0.0
2016-01-18,0.01606460250380659,1.0
2016-01-19,0.0,0.0
2016-01-20,0.01188132788675278,1.0
2016-01-21,0.003929278139889525,1.0
2016-01-22,0.060855275721274804,1.0
2016-01-25,-0.029964788701936418,0.0
2016-01-26,0.01509462622248503,1.0
2016-01-27,-0.011299555253933335,0.0
2016-01-28,0.03717900324175405,1.0
2016-01-29,-0.029631797606371135,0.0
2016-02-01,0.0037523496185504213,1.0
2016-02-02,0.0,0.0
2016-02-03,0.007462721201589528,1.0
2016-02-04,0.0,0.0
2016-02-05,-0.02255734742407456,0.0
2016-02-15,0.011342276603934609,1.0
2016-02-16,0.0,0.0
2016-02-17,0.0037523496185504213,1.0
2016-02-18,0.007462721201589528,1.0
2016-02-19,0.007407441277861859,1.0
2016-02-22,0.0,0.0
2016-02-23,0.0,0.0
2016-02-24,0.003683245416296388,1.0
2016-02-25,0.039644831347240395,1.0
2016-02-26,-0.017825783952600815,0.0
2016-02-29,-0.018149318505677137,0.0
2016-03-01,-0.00735297430525883,0.0
2016-03-02,-0.007407441277861859,0.0
2016-03-03,0.018416726786231186,1.0
2016-03-04,0.010889399799268284,1.0
2016-03-07,0.03894297394860735,1.0
2016-03-08,-0.013986241974739855,0.0
2016-03-09,0.0035149421074445186,1.0
2016-03-10,0.006993035490970634,1.0
2016-03-11,0.04096135763106523,1.0
2016-03-14,0.0,0.0
2016-03-15,-0.0033500868852820442,0.0
2016-03-16,0.0033500868852820442,1.0
2016-03-17,-0.010084119066626096,0.0
2016-03-18,0.003372684478639254,1.0
2016-03-21,-0.010152371464017929,0.0
2016-03-22,-0.0068259650703998975,0.0
2016-03-23,-0.017271586508660564,0.0
2016-03-24,0.0069444723528109265,1.0
2016-03-25,0.03066679839297226,1.0
2016-03-28,-0.0033613477027047978,0.0
2016-03-29,-0.010152371464017929,0.0
2016-03-30,0.0,0.0
2016-03-31,-0.017153079226249535,0.0
2016-04-01,0.0068965790590604925,1.0
2016-04-04,0.0034305350967891446,1.0
2016-04-05,0.03035646248059387,1.0
2016-04-06,-0.0033277900926744763,0.0
2016-04-07,0.023065272930995917,1.0
2016-04-08,0.02254523832105626,1.0
2016-04-11,0.006349227678658753,1.0
2016-04-12,-0.01916991610772012,0.0
2016-04-13,0.00963089306096121,1.0
2016-04-14,-0.00320000273067067,0.0
2016-04-15,-0.012903404835908017,0.0
2016-04-19,0.009693129205659679,1.0
2016-04-20,0.009600073729019165,1.0
2016-04-21,0.03750439545845419,1.0
2016-04-22,0.00916036939866438,1.0
2016-04-25,0.0,0.0
2016-04-26,-0.00916036939866438,0.0
2016-04-27,-0.006153865574378026,0.0
2016-04-28,0.030397477184370914,1.0
2016-04-29,0.043930929225726834,1.0
2016-05-04,0.0,0.0
2016-05-05,-0.02907181482197685,0.0
2016-05-06,-0.0029542118974317244,0.0
2016-05-09,-0.01190490250631826,0.0
2016-05-10,0.029500664396697962,1.0
2016-05-11,-0.014641549992947978,0.0
2016-05-12,-0.020865138463961985,0.0
2016-05-13,-0.003016593539425516,0.0
2016-05-16,0.012012156448003575,1.0
2016-05-17,-0.015037877364540542,0.0
2016-05-18,0.003025720916536967,1.0
2016-05-19,0.0,0.0
2016-05-20,0.014992784586141283,1.0
2016-05-23,0.0,0.0
2016-05-24,0.0,0.0
2016-05-25,-0.014992784586141283,0.0
2016-05-26,0.003016593539425516,1.0
2016-05-27,0.014947961435873403,1.0
2016-05-30,0.0,0.0
2016-05-31,0.017647516813578124,1.0
2016-06-01,0.023055776299925723,1.0
2016-06-02,0.011331566009550098,1.0
2016-06-03,-0.005649732542118979,0.0
2016-06-06,0.025176154892474267,1.0
2016-06-07,0.016438726343160015,1.0
2016-06-08,-0.005449604767564731,0.0
2016-06-09,0.008163310639160759,1.0
2016-06-10,-0.013642776403786305,0.0
2016-06-13,0.037740327982846766,1.0
2016-06-14,0.002642009462838768,1.0
2016-06-15,0.002635047638005039,1.0
2016-06-16,-0.018592833076615856,0.0
2016-06-17,0.02645656953683062,1.0
2016-06-20,0.020672570804719737,1.0
2016-06-21,0.010178204915756162,1.0
2016-06-22,0.012578782206859929,1.0
2016-06-23,-0.033039854078200204,0.0
2016-06-24,0.0051546505886646,1.0
2016-06-27,-0.0077419741536155495,0.0
2016-06-28,0.015424470325631656,1.0
2016-06-29,0.0076239251106595685,1.0
2016-06-30,0.005050515786068521,1.0
2016-07-01,0.0025157245972471376,1.0
2016-07-04,0.007509422022131451,1.0
2016-07-05,0.0197537287362326,1.0
2016-07-06,0.04306885718582265,1.0
2016-07-07,-0.0023446669592539493,0.0
2016-07-08,-0.053024468308220385,0.0
2016-07-11,0.014742281737203378,1.0
2016-07-12,0.012121360532344916,1.0
2016-07-13,-0.03431709292412921,0.0
2016-07-14,0.009925639799970076,1.0
2016-07-15,0.041118246929472635,1.0
2016-07-18,-0.007134394113873954,0.0
2016-07-19,-0.021713760223784462,0.0
2016-07-20,0.0024360547978812264,1.0
2016-07-21,-0.02463178718966552,0.0
2016-07-22,0.017305747097592583,1.0
2016-07-25,0.03373813963185013,1.0
2016-07-26,0.021102776067735807,1.0
2016-07-27,0.031966192062492516,1.0
2016-07-28,-0.002249719734015221,0.0
2016-07-29,-0.009049835519918004,0.0
2016-08-01,-0.032335380642936506,0.0
2016-08-02,0.011668743834377215,1.0
2016-08-03,-0.014018921179330901,0.0
2016-08-04,0.011696039763191335,1.0
2016-08-05,-0.0070011954589837,0.0
2016-08-08,0.011641575015485905,1.0
2016-08-09,0.0452565915881209,1.0
2016-08-10,0.0153680302283139,1.0
2016-08-11,-0.004366819166340408,0.0
2016-08-12,0.010881500187534199,1.0
2016-08-15,0.012903404835907795,1.0
2016-08-16,0.033616610798985036,1.0
2016-08-17,0.0041237171838621745,1.0
2016-08-18,-0.012422519998557258,0.0
2016-08-19,0.006230549750636083,1.0
2016-08-22,0.016427474141947895,1.0
2016-08-23,-0.006128721941373483,0.0
2016-08-24,0.042132610697375616,1.0
2016-08-25,-0.009871748479154174,0.0
2016-08-26,-0.02613214027684796,0.0
2016-08-29,0.008113634774169709,1.0
2016-08-30,0.021978906718775226,1.0
2016-08-31,-0.009930568202600742,0.0
2016-09-01,-0.008016074988236088,0.0
2016-09-05,0.006018072325562951,1.0
2016-09-06,0.03922071315328135,1.0
2016-09-07,0.020933209666465835,1.0
2016-09-08,-0.01327033692089663,0.0
2016-09-09,-0.029043667770519477,0.0
2016-09-12,0.015594857957906383,1.0
2016-09-13,-0.0019361090268663617,0.0
2016-09-14,0.013474698583360256,1.0
2016-09-15,0.005719748672786906,1.0
2016-09-16,0.02441435817128723,1.0
2016-09-19,-0.0037174764001324245,0.0
2016-09-20,0.0037174764001324245,1.0
2016-09-21,0.012903404835907795,1.0
2016-09-22,-0.005509655810969516,0.0
2016-09-23,0.0,0.0
2016-09-26,0.007339482488045723,1.0
2016-09-27,0.00909924385511407,1.0
2016-09-28,-0.005449604767564509,0.0
2016-09-29,-0.016529301951210496,0.0
2016-09-30,-0.0262679268206103,0.0
2016-10-03,-0.011472401162236912,0.0
2016-10-04,-0.007722046093910251,0.0
2016-10-05,-0.01759576189037948,0.0
2016-10-06,-0.042302379690689396,0.0
2016-10-07,-0.046324071674238576,0.0
2016-10-10,0.064673210342435,1.0
2016-10-11,-0.026613648518089894,0.0
2016-10-12,0.012371291802546702,1.0
2016-10-13,-0.020704673361691128,0.0
2016-10-14,-0.014752638475038271,0.0
2016-10-17,0.021009176089343384,1.0
2016-10-18,0.014448135747386015,1.0
2016-10-19,-0.0020512827705572168,0.0
2016-10-20,-0.004115232145106784,0.0
2016-10-21,-0.02083408690284183,0.0
2016-10-24,-0.014846508116994617,0.0
2016-10-25,0.0,0.0
2016-10-26,0.0,0.0
2016-10-27,0.029475818132953746,1.0
2016-10-28,0.0,0.0
2016-10-31,-0.008333381559144426,0.0
2016-11-01,-0.023281474822558712,0.0
2016-11-02,-0.004291852081540926,0.0
2016-11-03,0.0064308903302903175,1.0
2016-11-04,0.03774032798284721,1.0
2016-11-07,0.01023550389402672,1.0
2016-11-08,-0.014359221077888895,0.0
2016-11-09,0.014359221077888895,1.0
2016-11-10,-0.014359221077888895,0.0
2016-11-11,0.006179216365958196,1.0
2016-11-14,0.020325903014038804,1.0
2016-11-15,0.0020100509280243095,1.0
2016-11-16,-0.008064559836730378,0.0
2016-11-17,-0.012220111334775519,0.0
2016-11-18,0.018274620243481587,1.0
2016-11-21,-0.004032263527938396,0.0
2016-11-22,-0.0040485885260002075,0.0
2016-11-23,0.0,0.0
2016-11-24,0.0020263431452325342,1.0
2016-11-25,-0.026668247082161534,0.0
2016-11-28,-0.008350779217420001,0.0
2016-11-29,0.04308358613631191,1.0
2016-11-30,-0.008064559836730378,0.0
2016-12-01,0.010070578563596166,1.0
2016-12-02,0.004000005333345991,1.0
2016-12-05,-0.03452119436823309,0.0
2016-12-06,-0.0020682530640590002,0.0
2016-12-07,0.0020682530640590002,1.0
2016-12-08,0.0,0.0
2016-12-09,-0.006217636610870603,0.0
2016-12-12,-0.0020811662038244805,0.0
2016-12-13,0.02672307014075348,1.0
2016-12-14,-0.010193768189542984,0.0
2016-12-15,0.012220111334775519,1.0
2016-12-16,-0.006091389393402036,0.0
2016-12-19,-0.006128721941373483,0.0
2016-12-20,0.014242356715543192,1.0
2016-12-21,0.016032407531048953,1.0
2016-12-22,0.009891277478742744,1.0
2016-12-23,0.019493794681000987,1.0
2016-12-26,-0.015564516541111573,0.0
2016-12-27,0.011696039763191335,1.0
2016-12-28,-0.009737175277858334,0.0
2016-12-29,-0.0019588644853330006,0.0
2016-12-30,0.019418085857101586,1.0
2017-01-03,0.0,0.0
2017-01-04,0.00383877630716567,1.0
2017-01-05,-0.01739174271186905,0.0
2017-01-06,-0.005865119452398204,0.0
2017-01-09,0.017493157447517227,1.0
2017-01-10,0.0019249284095843588,1.0
2017-01-11,-0.007722046093910251,0.0
2017-01-12,-0.009737175277858334,0.0
2017-01-13,-0.027779564107075716,0.0
2017-01-16,0.0,0.0
2017-01-17,-0.010111309604320606,0.0
2017-01-18,-0.004073325387635718,0.0
2017-01-19,0.018200704646846422,1.0
2017-01-20,-0.004016069654890098,0.0
2017-01-23,0.0,0.0
2017-01-24,0.006018072325562951,1.0
2017-01-25,0.009950330853168099,1.0
2017-02-02,0.011811160928344666,1.0
2017-02-03,0.021297997678934255,1.0
2017-02-06,0.009532960658723555,1.0
2017-02-07,0.0018957351648993814,1.0
2017-02-08,-0.0018957351648993814,0.0
2017-02-09,-0.00570886422032002,0.0
2017-02-10,0.009496747537257155,1.0
2017-02-13,0.007532992307545117,1.0
2017-02-14,0.0018744147943503542,1.0
2017-02-15,-0.00940740710189547,0.0
2017-02-16,-0.009496747537257155,0.0
2017-02-17,-0.052901658224413506,0.0
2017-02-20,0.006018072325562951,1.0
2017-02-21,-0.05129329438755037,0.0
2017-02-22,0.010471299867295336,1.0
2017-02-23,-0.004175371410480633,0.0
2017-02-24,-0.004192878260036004,0.0
2017-02-27,-0.0063224657394869155,0.0
2017-02-28,0.022989518224698635,1.0
2017-03-01,0.026505119379997,1.0
2017-03-02,-0.02444113515914559,0.0
2017-03-03,0.004115232145106784,1.0
2017-03-06,0.0,0.0
2017-03-07,0.0020512827705572168,1.0
2017-03-08,0.018274620243481587,1.0
2017-03-09,0.0020100509280243095,1.0
2017-03-10,0.0,0.0
2017-03-13,-0.0020100509280243095,0.0
2017-03-14,-0.012145898302108105,0.0
2017-03-15,0.006091389393402036,1.0
2017-03-16,-0.012220111334775519,0.0
2017-03-17,0.014242356715543192,1.0
2017-03-20,0.023953241022492966,1.0
2017-03-21,-0.011904902506318482,0.0
2017-03-22,0.009930568202600742,1.0
2017-03-23,0.005911347263057198,1.0
2017-03-24,0.0,0.0
2017-03-27,-0.0019665689720407276,0.0
2017-03-28,0.009794397592287618,1.0
2017-03-29,0.03448617607116922,1.0
2017-03-30,0.020503980197707383,1.0
2017-03-31,0.04509330228810593,1.0
2017-04-03,0.010526412986987532,1.0
2017-04-04,-0.02652675433342866,0.0
2017-04-05,0.012466768765130087,1.0
2017-04-07,0.0035335725813110397,1.0
2017-04-10,-0.0017652255245692583,0.0
2017-04-11,-0.008873172680486485,0.0
2017-04-12,-0.0035714323675972715,0.0
2017-04-13,-0.019874186207083477,0.0
2017-04-14,-0.012856008101534089,0.0
2017-04-17,-0.0074211843376168485,0.0
2017-04-18,0.022100347000665987,1.0
2017-04-19,-0.016529301951210496,0.0
2017-04-20,0.0,0.0
2017-04-21,-0.013047715392475734,0.0
2017-04-24,-0.007532992307545117,0.0
2017-04-25,-0.021013189598816373,0.0
2017-04-26,0.009606221805440018,1.0
2017-04-27,-0.0038314223115560875,0.0
2017-04-28,-0.009643276271804169,0.0
2017-05-03,0.003868476777920238,1.0
2017-05-04,0.0,0.0
2017-05-05,-0.0019323677510538761,0.0
2017-05-08,0.019157674032933114,1.0
2017-05-09,0.009442940800282296,1.0
2017-05-10,0.005623257554361993,1.0
2017-05-11,-0.015066198354644289,0.0
2017-05-12,-0.00761908447643922,0.0
2017-05-15,-0.017358198609757958,0.0
2017-05-16,0.001943635208571104,1.0
2017-05-17,-0.017630231376270622,0.0
2017-05-18,0.005911347263057198,1.0
2017-05-19,0.00782782862024689,1.0
2017-05-22,0.003891055492966533,1.0
2017-05-23,0.011583141089630766,1.0
2017-05-24,0.0,0.0
2017-05-25,-0.005774799493883931,0.0
2017-05-26,0.021013189598816373,1.0
2017-05-29,-0.015238390104932442,0.0
2017-05-30,0.033965529155630225,1.0
2017-05-31,-0.0037174764001324245,0.0
2017-06-01,-0.009354605167220198,0.0
2017-06-02,-0.0018814680997056854,0.0
2017-06-05,0.018657257604542732,1.0
2017-06-06,0.029145961080802474,1.0
2017-06-07,0.0035842332278150923,1.0
2017-06-08,-0.001790510773788112,0.0
2017-06-09,-0.018083675433295365,0.0
2017-06-12,0.016289952979268385,1.0
2017-06-13,0.007155665595412364,1.0
2017-06-14,0.024649135274654066,1.0
2017-06-15,0.01553094203087646,1.0
2017-06-16,-0.010327114155849415,0.0
2017-06-19,0.012037978559478857,1.0
2017-06-20,-0.008583743691391366,0.0
2017-06-21,0.0051590828100274155,1.0
2017-06-22,0.0017137964777345083,1.0
2017-06-23,0.0,0.0
2017-06-26,-0.00515022597631587,0.0
2017-06-27,0.0017196908795267252,1.0
2017-06-28,0.013652089168327386,1.0
2017-06-29,0.026757449169549252,1.0
2017-06-30,0.030871663667087157,1.0
2017-07-03,0.0,0.0
2017-07-04,-0.003205130948948476,0.0
2017-07-05,0.012759343753760088,1.0
2017-07-06,-0.009554212804811613,0.0
2017-07-07,0.0031948908965191425,1.0
2017-07-10,-0.006400021845467618,0.0
2017-07-11,0.003205130948948476,1.0
2017-07-12,0.019018005835761853,1.0
2017-07-13,0.001568627772626341,1.0
2017-07-14,-0.025398190605610438,0.0
2017-07-17,-0.024411301679680975,0.0
2017-07-18,-0.008271345750677339,0.0
2017-07-19,-0.0033277900926746984,0.0
2017-07-20,-0.008368249670516636,0.0
2017-07-21,0.006700192569819796,1.0
2017-07-24,0.01161838795386494,1.0
2017-07-25,0.024451095864164385,1.0
2017-07-26,-0.009708814126960785,0.0
2017-07-27,0.0,0.0
2017-07-28,-0.004889985294191934,0.0
2017-07-31,0.012987195526811268,1.0
2017-08-01,-0.012987195526811268,0.0
2017-08-02,0.0,0.0
2017-08-03,-0.009852296443011666,0.0
2017-08-04,0.008216973102280978,1.0
2017-08-07,0.0016353233407306877,1.0
2017-08-08,-0.01481508578514057,0.0
2017-08-09,0.004962789342128904,1.0
2017-08-10,0.022839491969822934,1.0
2017-08-11,0.03797924806521635,1.0
2017-08-14,-0.014073727211662224,0.0
2017-08-15,0.021807717811398453,1.0
2017-08-16,-0.017094433359300165,0.0
2017-08-17,0.001566171032745034,1.0
2017-08-18,-0.018957913744614086,0.0
2017-08-21,0.004773278752657539,1.0
2017-08-22,0.007905179507113225,1.0
2017-08-23,0.0047132844520982875,1.0
2017-08-24,0.006250020345171414,1.0
2017-08-25,0.015456258236691722,1.0
2017-08-28,0.0015325673497781356,1.0
2017-08-29,0.010662705744040046,1.0
2017-08-30,0.006042314455962705,1.0
2017-08-31,0.0015048911794204312,1.0
2017-09-01,0.008982096315827581,1.0
2017-09-05,0.016260520871780315,1.0
2017-09-06,-0.013284328198734263,0.0
2017-09-07,0.011816976504784416,1.0
2017-09-08,-0.01777824602128386,0.0
2017-09-11,0.0044742803949211485,1.0
2017-09-12,0.03939240171066083,1.0
2017-09-13,-0.0057388966690181675,0.0
2017-09-14,0.008596041469797866,1.0
2017-09-15,0.016973533379705863,1.0
2017-09-18,0.009769791595805044,1.0
2017-09-19,-0.0027816429618767735,0.0
2017-09-20,-0.011204599012863081,0.0
2017-09-21,0.005617992304223218,1.0
2017-09-22,-0.005617992304223218,0.0
2017-09-25,-0.0014094435032336872,0.0
2017-09-26,0.0070274358074569054,1.0
2017-09-27,0.0013995803544233354,1.0
2017-09-28,0.030305349495328926,1.0
2017-09-29,0.0040622940088790305,1.0
2017-10-02,-0.006779686985379119,0.0
2017-10-03,0.021535152551298342,1.0
2017-10-04,-0.021535152551298342,0.0
2017-10-05,0.0013596195160396896,1.0
2017-10-06,0.014835066403941166,1.0
2017-10-09,0.006671138817022193,1.0
2017-10-10,-0.0039973404326199,0.0
2017-10-11,-0.001336005542742491,0.0
2017-10-12,-0.013459153374004718,0.0
2017-10-13,-0.024692612590371477,0.0
2017-10-16,0.026046708938100904,1.0
2017-10-17,-0.014996872751515955,0.0
2017-10-18,-0.01662088123604022,0.0
2017-10-19,-0.008415196925284585,0.0
2017-10-20,-0.009908078224696304,0.0
2017-10-23,0.009908078224696304,1.0
2017-10-24,-0.0028208763416412985,0.0
2017-10-25,-0.009936206659129754,0.0
2017-10-26,0.01837507530499427,1.0
2017-10-27,-0.02409755157906046,0.0
2017-10-30,0.0057224762740661905,1.0
2017-10-31,-0.036314810991626034,0.0
2017-11-01,-0.025469541540456886,0.0
2017-11-02,0.04015409322337815,1.0
2017-11-03,0.01877311450792507,1.0
2017-11-06,0.0,0.0
2017-11-07,0.004282661792000653,1.0
2017-11-08,0.0,0.0
2017-11-09,0.005681833467430897,1.0
2017-11-10,-0.017143276986437472,0.0
2017-11-13,0.021383566025322986,1.0
2017-11-14,0.034653502082388155,1.0
2017-11-15,-0.002728514653204117,0.0
2017-11-16,-0.010989121575595062,0.0
2017-11-17,-0.020935865853588975,0.0
2017-11-20,0.0028169032711133912,1.0
2017-11-21,0.020877585021555234,1.0
2017-11-22,-0.00275862243907965,0.0
2017-11-23,0.02320923291037058,1.0
2017-11-24,0.004040409537005019,1.0
2017-11-27,0.0026845653706688566,1.0
2017-11-28,-0.0013413818242011821,0.0
2017-11-29,0.04719093146012643,1.0
2017-11-30,0.006381642589520453,1.0
2017-12-01,0.012642393415176478,1.0
2017-12-04,-0.010101095986503772,0.0
2017-12-05,0.01511363781004782,1.0
2017-12-06,-0.006269613013595077,0.0
2017-12-07,-0.017766964814645902,0.0
2017-12-08,-0.024628594153039973,0.0
2017-12-11,-0.013210231736806577,0.0
2017-12-12,0.015831465216680662,1.0
2017-12-13,0.007822725681209342,1.0
2017-12-14,0.02564243061333782,1.0
2017-12-15,0.031155167779795434,1.0
2017-12-18,0.013406660280115279,1.0
2017-12-19,0.009638628837768781,1.0
2017-12-20,0.0023952107259548328,1.0
2017-12-21,0.004773278752657539,1.0
2017-12-22,-0.010772096981911172,0.0
2017-12-25,0.0012026459657605848,1.0
2017-12-26,0.03309994842634456,1.0
2017-12-27,0.009259325412796837,1.0
2017-12-28,0.022780028331820024,1.0
2017-12-29,0.017857617400006465,1.0
2018-01-02,-0.0022148403295529917,0.0
2018-01-03,0.012121360532344916,1.0
2018-01-04,-0.004390786417489689,0.0
2018-01-05,0.031404854828745776,1.0
2018-01-08,0.06600333263858538,1.0
2018-01-09,-0.02220070998019219,0.0
2018-01-10,0.0,0.0
2018-01-11,0.007117467768863683,1.0
2018-01-12,0.04652001563489305,1.0
2018-01-15,0.02577708354560837,1.0
2018-01-16,-0.04333851047555548,0.0
2018-01-17,0.04333851047555548,1.0
2018-01-18,0.06389033750213757,1.0
2018-01-19,0.06337736980863484,1.0
2018-01-22,0.0,0.0
2018-01-23,0.0,0.0
2018-01-24,-0.03375847992495418,0.0
2018-01-25,0.038725377553291196,1.0
2018-01-26,-0.038725377553291196,0.0
2018-01-29,-0.003439384301909598,0.0
2018-01-30,0.01623273576181905,1.0
2018-01-31,-0.02054866822738788,0.0
2018-02-01,0.0017286089006178784,1.0
2018-02-02,-0.06973333801467518,0.0
2018-02-05,0.017439634285355776,1.0
2018-02-06,0.025158559636154987,1.0
2018-02-07,0.0035429620763443026,1.0
2018-02-08,-0.023256862164267034,0.0
2018-02-09,0.008111806535375798,1.0
2018-02-12,0.03006415639228255,1.0
2018-02-13,-0.009628083128975895,0.0
2018-02-21,-0.018642350809279673,0.0
2018-02-22,0.0446854893452997,1.0
2018-02-23,0.04441450544074632,1.0
2018-02-26,-0.004930166107858458,0.0
2018-02-27,0.02922285867690322,1.0
2018-02-28,0.011137744410455674,1.0
2018-03-01,-0.006349227678658753,0.0
2018-03-02,-0.07178338555607544,0.0
2018-03-05,0.035297782081023854,1.0
2018-03-06,-0.044752085420151744,0.0
2018-03-07,0.01116370546477663,1.0
2018-03-08,-0.005136997597916082,0.0
2018-03-09,0.008547060578458332,1.0
2018-03-12,-0.008547060578458332,0.0
2018-03-13,0.005136997597916082,1.0
2018-03-14,-0.019836786718205435,0.0
2018-03-15,-0.006116227017435971,0.0
2018-03-16,0.047077584648501425,1.0
2018-03-19,-0.0262615685107761,0.0
2018-03-20,0.024587927952746114,1.0
2018-03-21,-0.0033557078469721446,0.0
2018-03-22,-0.022950433586910624,0.0
2018-03-23,-0.041252009577408266,0.0
2018-03-26,0.008032171697264445,1.0
2018-03-27,0.008849615276982359,1.0
2018-03-28,0.014866911340333466,1.0
2018-03-29,-0.006968669316093301,0.0
2018-03-30,-0.022989518224698635,0.0
2018-04-02,-0.008984786407815193,0.0
2018-04-03,0.008984786407815193,1.0
2018-04-04,-0.0035842332278153144,0.0
2018-04-05,0.02657375145251395,1.0
2018-04-06,0.006968669316093301,1.0
2018-04-09,0.0,0.0
2018-04-10,-0.005221943981151611,0.0
2018-04-11,0.019871064197383603,1.0
2018-04-12,-0.007728677371658055,0.0
2018-04-13,-0.01826932065322806,0.0
2018-04-16,-0.007048487331061892,0.0
2018-04-17,-0.01156082240107592,0.0
2018-04-18,-0.034580333596779145,0.0
2018-04-19,0.03099610036896383,1.0
2018-04-20,-0.05631390835325378,0.0
2018-04-23,0.007568626480007445,1.0
2018-04-24,-0.045308954462854434,0.0
2018-04-26,0.004918849071596121,1.0
2018-04-27,0.01170745079423563,1.0
2018-05-02,-0.0019417481829107075,0.0
2018-05-03,-0.0058479698824229764,0.0
2018-05-04,0.03647237266235637,1.0
2018-05-07,0.017749181504282507,1.0
2018-05-08,0.0,0.0
2018-05-09,-0.031987675493397205,0.0
2018-05-10,0.008567401285298537,1.0
2018-05-11,0.0018939399600710338,1.0
2018-05-14,-0.006644542718668767,0.0
2018-05-15,-0.026050677199942474,0.0
2018-05-16,-0.018747465699952226,0.0
2018-05-17,0.016790517912991465,1.0
2018-05-18,-0.012814369533352021,0.0
2018-05-21,-0.05192005717835935,0.0
2018-05-22,0.02374918021166339,1.0
2018-05-23,0.013178092380554673,1.0
2018-05-24,-0.00606062461169099,0.0
2018-05-25,-0.06704080493062925,0.0
2018-05-28,0.0650124066692368,1.0
2018-05-29,0.015113637810048264,1.0
2018-05-30,0.061095099359810945,1.0
2018-05-31,0.01586594177631717,1.0
2018-06-01,0.051432173632270484,1.0
2018-06-04,-0.01685184003549134,0.0
2018-06-05,0.029958187540791936,1.0
2018-06-06,0.018065007397638944,1.0
2018-06-07,-0.010282866955583891,0.0
2018-06-08,-0.011260404818379754,0.0
2018-06-11,-0.018462062839735616,0.0
2018-06-12,0.021071894682106684,1.0
2018-06-13,-0.01841349701549655,0.0
2018-06-14,0.00968743815568951,1.0
2018-06-15,-0.06799174513628614,0.0
2018-06-18,-0.047056208677229705,0.0
2018-06-19,0.04235474256542293,1.0
2018-06-20,-0.01903006999901402,0.0
2018-06-21,0.04231943187891174,1.0
2018-06-22,0.01371763622879918,1.0
2018-06-25,-0.010041161499490414,0.0
2018-06-26,-0.03929411034220198,0.0
2018-06-27,-0.017324783657306053,0.0
2018-06-28,-0.010737048000956761,0.0
2018-06-29,0.0,0.0
2018-07-02,-0.05652362142459877,0.0
2018-07-03,0.02157248525412747,1.0
2018-07-04,-0.026778119081392937,0.0
2018-07-05,0.018614808442232178,1.0
2018-07-06,-0.030163493227014282,0.0
2018-07-09,-0.005293818609715117,0.0
2018-07-10,-0.03236528450203169,0.0
2018-07-11,-0.01881627179947598,0.0
2018-07-12,0.053302447870644976,1.0
2018-07-13,-0.0021208915691373065,0.0
2018-07-16,0.01684250339449722,1.0
2018-07-17,0.029822261462621125,1.0
2018-07-18,0.0,0.0
2018-07-19,-0.0142859572474765,0.0
2018-07-20,0.007168489478612816,1.0
2018-07-23,-0.04273709245635482,0.0
2018-07-24,0.0031897953681001567,1.0
2018-07-25,0.027226812700213987,1.0
2018-07-26,0.021462244346134973,1.0
2018-07-27,-0.006085211475545638,0.0
2018-07-30,0.008105414182821402,1.0
2018-07-31,0.006036235631850406,1.0
2018-08-01,-0.009068072213970435,0.0
2018-08-02,-0.02562928594974201,0.0
2018-08-03,-0.004162336914687703,0.0
2018-08-06,0.0,0.0
2018-08-07,0.014493007302566863,1.0
2018-08-08,-0.004119470295238958,0.0
2018-08-09,0.012307847674597028,1.0
2018-08-10,0.03505616857306437,1.0
2018-08-13,0.0049091900262383525,1.0
2018-08-14,-0.025795081006072973,0.0
2018-08-15,0.0,0.0
2018-08-16,0.005012541823544492,1.0
2018-08-17,-0.012072581234269464,0.0
2018-08-20,0.007060039410724972,1.0
2018-08-21,0.012980711472720952,1.0
2018-08-22,0.002971770389157413,1.0
2018-08-23,0.005917177028088805,1.0
2018-08-24,0.015610073071078645,1.0
2018-08-27,0.023913143298606165,1.0
2018-08-28,-0.0075901692666757725,0.0
2018-08-29,0.001902950146086102,1.0
2018-08-30,0.0075757938084577425,1.0
2018-08-31,-0.02483413203773832,0.0
2018-09-04,-0.009718249468921414,0.0
2018-09-05,0.0009760859730554294,1.0
2018-09-06,0.02695062056146691,1.0
2018-09-07,-0.012422519998557036,0.0
2018-09-10,0.01999114647856448,1.0
2018-09-11,-0.012328273732995498,0.0
2018-09-12,0.00570886422032002,1.0
2018-09-13,-0.00570886422032002,0.0
2018-09-14,-0.0019102202561191994,0.0
2018-09-17,0.0,0.0
2018-09-18,0.005719748672786906,1.0
2018-09-19,0.03088687267690471,1.0
2018-09-20,0.00917437627604123,1.0
2018-09-21,0.0,0.0
2018-09-24,-0.0009136592686744827,0.0
2018-09-25,-0.005499555566038428,0.0
2018-09-26,0.012785562296971698,1.0
2018-09-27,0.01798609636978199,1.0
2018-09-28,0.0026702285558788397,1.0
2018-10-01,-0.027028672387919617,0.0
2018-10-02,0.0,0.0
2018-10-03,0.0027359798188748563,1.0
2018-10-04,0.0009103323341452807,1.0
2018-10-05,-0.005474466227082697,0.0
2018-10-08,-0.00458506076065035,0.0
2018-10-09,0.009149194653587767,1.0
2018-10-10,-0.037110009651231124,0.0
2018-10-11,0.022430846988182207,1.0
2018-10-12,-0.011152531950475275,0.0
2018-10-15,0.010227890183256427,1.0
2018-10-16,0.006454609776679998,1.0
2018-10-17,0.0,0.0
2018-10-18,-0.006454609776679998,0.0
2018-10-19,-0.0158511477376182,0.0
2018-10-22,-0.015151805020602538,0.0
2018-10-23,-0.007662872745568983,0.0
2018-10-24,-0.005785937067043889,0.0
2018-10-25,-0.0019361090268663617,0.0
2018-10-26,-0.0019398648178268196,0.0
2018-10-29,-0.003891055492966533,0.0
2018-10-30,0.04011999378942521,1.0
2018-10-31,-0.01699757636857102,0.0
2018-11-01,0.010421695462413894,1.0
2018-11-02,0.0,0.0
2018-11-05,-0.010421695462413894,0.0
2018-11-06,-0.011494379425735168,0.0
2018-11-07,-0.00579711768432567,0.0
2018-11-08,-0.034503176079669906,0.0
2018-11-09,-0.0010035123772400567,0.0
2018-11-12,-0.017215615054087863,0.0
2018-11-13,-0.030069657935923644,0.0
2018-11-14,-0.023430251808385982,0.0
2018-11-15,0.006444705442641752,1.0
2018-11-16,0.006403437035207293,1.0
2018-11-19,0.029352212012527357,1.0
2018-11-20,0.0,0.0
2018-11-21,-0.01877010268199042,0.0
2018-11-22,-0.007395701961129042,0.0
2018-11-23,0.0010598835120427808,1.0
2018-11-26,0.0,0.0
2018-11-27,-0.01064972791665797,0.0
2018-11-28,-0.0293339881137058,0.0
2018-11-29,-0.02908482417895719,0.0
2018-11-30,0.04657160856667275,1.0
2018-12-03,-0.005431843882361953,0.0
2018-12-04,0.019418085857101808,1.0
2018-12-05,-0.019418085857101808,0.0
2018-12-06,0.0010887317351966352,1.0
2018-12-07,-0.026462404080831448,0.0
2018-12-10,-0.008978735965276208,0.0
2018-12-11,0.004499445161230131,1.0
2018-12-12,0.012270092591814219,1.0
2018-12-13,-0.014517284548718923,0.0
2018-12-14,-0.03432831352964927,0.0
2018-12-17,-0.04038553564957459,0.0
2018-12-18,-0.04588529647680151,0.0
2018-12-19,0.007585371389256412,1.0
2018-12-20,0.0,0.0
2018-12-21,0.01871545581135603,1.0
2018-12-24,-0.0037151745518633206,0.0
2018-12-25,-0.0024844733276623288,0.0
2018-12-26,0.02092384027346217,1.0
2018-12-27,0.0,0.0
2018-12-28,-0.004884014592425601,0.0
2019-01-02,-0.04378435431469141,0.0
2019-01-03,0.0076433493125680485,1.0
2019-01-04,-0.012771565679487562,0.0
2019-01-07,-0.016850690351855935,0.0
2019-01-08,0.02197890671877545,1.0
2019-01-09,0.010178204915756162,1.0
2019-01-10,-0.015306421282675675,0.0
2019-01-11,-0.001286173810744362,0.0
2019-01-14,0.0,0.0
2019-01-15,0.005134799472038765,1.0
2019-01-16,-0.018088348472430127,0.0
2019-01-17,0.010376227986090836,1.0
2019-01-18,0.011545990997060773,1.0
2019-01-21,-0.002554279805096371,0.0
2019-01-22,0.01899993824490398,1.0
2019-01-23,-0.006293286975789236,0.0
2019-01-24,-0.005063301956546695,0.0
2019-01-25,0.0012682309879950004,1.0
2019-01-28,-0.0012682309879950004,0.0
2019-01-29,-0.024407120352235356,0.0
2019-01-30,-0.0452204702928074,0.0
2019-01-31,-0.015079106827120103,0.0
2019-02-01,0.057695408981539575,1.0
2019-02-11,0.019367939178055238,1.0
2019-02-12,0.04744959971298757,1.0
2019-02-13,0.0024360547978812264,1.0
2019-02-14,0.019277705425903235,1.0
2019-02-15,0.017741447009595568,1.0
2019-02-18,-0.014167887518730993,0.0
2019-02-19,0.01533953381562192,1.0
2019-02-20,0.01510778299197213,1.0
2019-02-21,0.036244057691078524,1.0
2019-02-22,0.02634620003123178,1.0
2019-02-25,-0.008705169227330778,0.0
2019-02-26,-0.0032840752011900065,0.0
2019-02-27,-0.023295562603522058,0.0
2019-02-28,0.018899951130483927,1.0
2019-03-01,0.032505570404931294,1.0
2019-03-04,-0.008565362858922843,0.0
2019-03-05,-0.002152853361101048,0.0
2019-03-06,-0.02620237239402412,0.0
2019-03-07,-0.003324102783838878,0.0
2019-03-08,-0.004449395549541713,0.0
2019-03-11,0.001114206243403526,1.0
2019-03-12,0.01437282895775871,1.0
2019-03-13,-0.004400447144821573,0.0
2019-03-14,-0.06962309050891324,0.0
2019-03-15,-0.001182732249049856,0.0
2019-03-18,0.001182732249049856,1.0
2019-03-19,0.012918558991556583,1.0
2019-03-20,-0.009378732286432712,0.0
2019-03-21,-0.002358491659292916,0.0
2019-03-22,-0.01666705248521172,0.0
2019-03-25,0.005984458315240637,1.0
2019-03-26,0.0235859990058791,1.0
2019-03-27,0.0034904049397681547,1.0
2019-03-28,-0.008163310639160759,0.0
2019-03-29,-0.008230499136515412,0.0
2019-04-01,0.004711433921319674,1.0
2019-04-02,0.0,0.0
2019-04-03,0.009356793410881359,1.0
2019-04-04,0.003486348679437423,1.0
2019-04-05,-0.003486348679437423,0.0
2019-04-08,-0.009356793410881359,0.0
2019-04-09,-0.004711433921319674,0.0
2019-04-10,0.0,0.0
2019-04-11,0.0035356548323077774,1.0
2019-04-12,-0.009456335242035596,0.0
2019-04-16,-0.004761913760243264,0.0
2019-04-17,-0.009592399691439546,0.0
2019-04-18,0.009592399691439546,1.0
2019-04-19,0.00831852687509027,1.0
2019-04-22,0.001182732249049856,1.0
2019-04-23,0.04506828540170593,1.0
2019-04-24,-0.007941051372812868,0.0
2019-04-25,0.014697833835692897,1.0
2019-04-26,0.012270092591814219,1.0
2019-05-02,0.004424785980355672,1.0
2019-05-03,-0.021194323733400022,0.0
2019-05-06,0.0022522532043254273,1.0
2019-05-07,-0.01131233782872787,0.0
2019-05-08,-0.006849341845574397,0.0
2019-05-09,-0.002293578987099476,0.0
2019-05-10,-0.02440562736814078,0.0
2019-05-13,0.010532572499893256,1.0
2019-05-14,0.0,0.0
2019-05-15,-0.0023310033864754054,0.0
2019-05-16,-0.002336449661019646,0.0
2019-05-17,0.01739174271186883,1.0
2019-05-20,0.0034423441909732233,1.0
2019-05-21,0.0022883305180121383,1.0
2019-05-22,-0.006880761092222354,0.0
2019-05-23,-0.018583577773713333,0.0
2019-05-24,0.001171646296890927,1.0
2019-05-27,-0.004694844304207635,0.0
2019-05-28,0.014018921179330679,1.0
2019-05-29,-0.01519608435234554,0.0
2019-05-30,0.002352942262026758,1.0
2019-05-31,-0.017783515488672297,0.0
2019-06-03,0.00238948739738154,1.0
2019-06-04,-0.02049499102965502,0.0
2019-06-05,-0.04739041346162498,0.0
2019-06-06,0.01016527177685056,1.0
2019-06-07,-0.0012650223065864274,0.0
2019-06-10,0.0037902761737806934,1.0
2019-06-11,0.005031457155367125,1.0
2019-06-12,-0.005031457155367125,0.0
2019-06-13,-0.002525253867194266,0.0
2019-06-14,-0.02172609417792648,0.0
2019-06-17,0.026770241064604683,1.0
2019-06-18,0.033398280401848,1.0
2019-06-19,-0.009780029053639616,0.0
2019-06-20,0.0036787288574622323,1.0
2019-06-21,-0.014796817441439014,0.0
2019-06-24,-0.009987598628348415,0.0
2019-06-25,-0.008821733329147818,0.0
2019-06-26,-0.015306421282675675,0.0
2019-06-27,0.04030772348809286,1.0
2019-06-28,-0.021211026031636493,0.0
2019-07-01,-0.01781217576409988,0.0
2019-07-02,-0.019443256704227974,0.0
2019-07-03,0.006523180339123691,1.0
2019-07-04,0.0,0.0
2019-07-05,-0.025017762975287905,0.0
2019-07-08,-0.018843087801479808,0.0
2019-07-09,0.0,0.0
2019-07-10,0.009465925988882962,1.0
2019-07-11,0.016021704531265613,1.0
2019-07-12,-0.020067563050809145,0.0
2019-07-15,0.006734032181344052,1.0
2019-07-16,-0.01215409965068348,0.0
2019-07-17,-0.019204979836050073,0.0
2019-07-18,-0.016760168857465008,0.0
2019-07-19,0.008415196925284585,1.0
2019-07-22,0.043722811013831464,1.0
2019-07-23,-0.006706933256718006,0.0
2019-07-24,0.038288505307016774,1.0
2019-07-25,0.007741974153615772,1.0
2019-07-26,-0.02077996849174557,0.0
2019-07-29,-0.02794593039055915,0.0
2019-07-30,0.04872589888230472,1.0
2019-07-31,0.0012845216923564884,1.0
2019-08-01,-0.006439172281020866,0.0
2019-08-02,-0.013004084423207107,0.0
2019-08-05,-0.018494582636164214,0.0
2019-08-06,0.01587334915629013,1.0
2019-08-07,0.05240815826011547,1.0
2019-08-08,-0.007500035156546403,0.0
2019-08-09,0.021105687212325197,1.0
2019-08-12,-0.006161448944048686,0.0
2019-08-13,0.0,0.0
2019-08-14,-0.008690309191977441,0.0
2019-08-15,-0.008766493212182258,0.0
2019-08-16,0.0,0.0
2019-08-19,-0.00630916919326463,0.0
2019-08-20,0.012578782206859707,1.0
2019-08-21,-0.006269613013595077,0.0
2019-08-22,0.014981553615616594,1.0
2019-08-23,-0.026366875840742043,0.0
2019-08-26,-0.017972242404430627,0.0
2019-08-27,-0.006497748657519953,0.0
2019-08-28,-0.003919012200735761,0.0
2019-08-29,0.0026143805740712622,1.0
2019-08-30,-0.025116984607774118,0.0
2019-09-03,-0.0026809667532576853,0.0
2019-09-04,0.004018759594917487,1.0
2019-09-05,-0.013459153374004718,0.0
2019-09-06,-0.009530364850693918,0.0
2019-09-09,0.004095568864737054,1.0
2019-09-10,0.03480940466586091,1.0
2019-09-11,0.02340809089801521,1.0
2019-09-12,0.0012845216923564884,1.0
2019-09-13,0.002564103968937914,1.0
2019-09-16,0.0025575461511171405,1.0
2019-09-17,0.012690525644044826,1.0
2019-09-18,-0.002525253867194266,0.0
2019-09-19,-0.0127228179279677,0.0
2019-09-20,-0.028573372444056222,0.0
2019-09-23,0.006566011770890334,1.0
2019-09-24,-0.011850039917495447,0.0
2019-09-25,0.015769052118231208,1.0
2019-09-26,-0.003919012200735761,0.0
2019-09-27,-0.009204535729071317,0.0
2019-09-30,-0.0026455041884241304,0.0
2019-10-01,-0.006644542718668767,0.0
2019-10-02,-0.009377161812596846,0.0
2019-10-03,-0.009465925988882962,0.0
2019-10-04,-0.0027210901143606137,0.0
2019-10-07,0.028208720634509188,1.0
2019-10-08,0.0,0.0
2019-10-09,-0.018717123952937786,0.0
2019-10-10,0.0,0.0
2019-10-11,-0.0013504390978713587,0.0
2019-10-14,-0.005420067469339429,0.0
2019-10-15,-0.0027210901143606137,0.0
2019-10-16,0.005434795985956864,1.0
2019-10-17,0.0,0.0
2019-10-18,-0.009530364850693918,0.0
2019-10-21,0.018970758629781148,1.0
2019-10-22,0.010681009420333787,1.0
2019-10-23,0.00793654959573642,1.0
2019-10-24,-0.009265453445790328,0.0
2019-10-25,0.018445845790751925,1.0
2019-10-28,0.0,0.0
2019-10-29,-0.009180392344961597,0.0
2019-10-30,-0.009265453445790328,0.0
2019-10-31,0.003981425299185215,1.0
2019-11-01,-0.006644542718668767,0.0
2019-11-04,0.006644542718668767,1.0
2019-11-05,0.005284028146605113,1.0
2019-11-06,0.031130918595173362,1.0
2019-11-07,0.0,0.0
2019-11-08,0.0038240964384033127,1.0
2019-11-11,0.008866429205641513,1.0
2019-11-12,-0.015248071795161966,0.0
2019-11-13,0.0,0.0
2019-11-14,0.0,0.0
2019-11-15,0.011457795621381273,1.0
2019-11-18,-0.0050761530318608195,0.0
2019-11-19,-0.017972242404430627,0.0
2019-11-20,-0.016982772629146048,0.0
2019-11-21,0.003944778291016249,1.0
2019-11-22,0.006540245680609846,1.0
2019-11-25,0.018088348472430127,1.0
2019-11-26,-0.002564103968937914,0.0
2019-11-27,0.0,0.0
2019-11-28,0.011487043987131074,1.0
2019-11-29,0.0037998779097745405,1.0
2019-12-02,0.0225009492908379,1.0
2019-12-03,0.0,0.0
2019-12-04,-0.01494423826827651,0.0
2019-12-05,0.030885716265964813,1.0
2019-12-06,0.014493007302566863,1.0
2019-12-09,0.008358257614200948,1.0
2019-12-10,0.0,0.0
2019-12-11,-0.008358257614200948,0.0
2019-12-12,-0.015710292906318646,0.0
2019-12-13,-0.002439025599358935,0.0
2019-12-16,-0.02597548640326064,0.0
2019-12-17,-0.02538207327141695,0.0
2019-12-18,0.010230268250814856,1.0
2019-12-19,0.008866429205641513,1.0
2019-12-20,0.0025188930194839365,1.0
2019-12-23,0.006269613013595077,1.0
2019-12-24,-0.0025031302181184323,0.0
2019-12-25,-0.006285375814960581,0.0
2019-12-26,0.023677118526829855,1.0
2019-12-27,0.004914014802428923,1.0
2019-12-30,-0.007380107297622285,0.0
2019-12-31,0.021978906718775004,1.0
2020-01-02,0.006020487781583039,1.0
2020-01-03,-0.006020487781583039,0.0
2020-01-06,-0.013374059525256943,0.0
2020-01-07,-0.009840177801510919,0.0
2020-01-08,0.02321423732676786,1.0
2020-01-09,0.007220247973487304,1.0
2020-01-10,0.0023952107259548328,1.0
2020-01-13,0.03062665757899108,1.0
2020-01-14,0.0057837061168490855,1.0
2020-01-15,0.005750447128437752,1.0
2020-01-16,-0.011534153245286838,0.0
2020-01-17,0.019529627021483975,1.0
2020-01-20,0.013559529785632574,1.0
2020-01-21,0.017798022644327283,1.0
2020-01-22,-0.039353026206156994,0.0
2020-01-30,-0.04815962905353155,0.0
2020-01-31,0.019070899796606255,1.0
2020-02-03,0.0011799411398487614,1.0
2020-02-04,-0.0059136777900477,0.0
2020-02-05,0.030376167263536757,1.0
2020-02-06,-0.0339412334280329,0.0
2020-02-07,0.0,0.0
2020-02-10,-0.03144152583481885,0.0
2020-02-11,0.008562743449887833,1.0
2020-02-12,-0.004884014592425601,0.0
2020-02-13,0.0,0.0
2020-02-14,0.0024449889930666657,1.0
2020-02-17,-0.019729369906307692,0.0
2020-02-18,-0.0012461060802473334,0.0
2020-02-19,0.020975475986555026,1.0
2020-02-20,-0.008583743691391366,0.0
2020-02-21,-0.03636764417087468,0.0
2020-02-24,0.01772198279941195,1.0
2020-02-25,-0.01644565843980761,0.0
2020-02-26,0.008888947417246218,1.0
2020-02-27,-0.025609594204324182,0.0
2020-02-28,-0.002597404057685715,0.0
2020-03-02,0.0,0.0
2020-03-03,0.002597404057685715,1.0
2020-03-04,0.0,0.0
2020-03-05,0.0012961764614463078,1.0
2020-03-06,-0.07112319230372921,0.0
2020-03-09,0.03820382741177064,1.0
2020-03-10,-0.052209658600689934,0.0
2020-03-11,-0.06557337705569366,0.0
2020-03-12,-0.010598130991823274,0.0
2020-03-13,0.0030395160178966485,1.0
2020-03-16,0.004542021434501109,1.0
2020-03-17,0.025355571621687778,1.0
2020-03-18,-0.028381292538224967,0.0
2020-03-19,-0.029210378099800982,0.0
2020-03-20,-0.07111234352806806,0.0
2020-03-23,-0.011794576492836883,0.0
2020-03-24,0.03987239124737729,1.0
2020-03-25,-0.050093945318915534,0.0
2020-03-26,-0.0437515096731278,0.0
2020-03-27,0.008904778342959663,1.0
2020-03-30,0.029696505353852265,1.0
2020-03-31,0.023810648693718628,1.0
2020-04-01,0.023256862164267256,1.0
2020-04-03,0.06515409517978576,1.0
2020-04-06,0.007662872745569205,1.0
2020-04-07,-0.015384918839479456,0.0
2020-04-08,-0.00778214044205483,0.0
2020-04-09,0.012422519998557036,1.0
2020-04-10,0.02889934956334894,1.0
2020-04-13,0.030998792017719934,1.0
2020-04-14,0.007241161256559714,1.0
2020-04-15,0.00718910357246938,1.0
2020-04-16,0.02266385957721173,1.0
2020-04-17,0.023530497410194195,1.0
2020-04-20,-0.04762804898925466,0.0
2020-04-21,0.028290429839096465,1.0
2020-04-22,0.03830837777993934,1.0
2020-04-23,0.022562337307086455,1.0
2020-04-24,-0.0065833022491972315,0.0
2020-04-27,-0.025419428836976454,0.0
2020-04-28,0.0040568006956145375,1.0
2020-04-29,-0.02320923291037058,0.0
2020-05-04,0.019152432214756043,1.0
2020-05-05,0.037238345140119034,1.0
2020-05-06,0.060778196261948914,1.0
2020-05-07,-0.008636697732591792,0.0
2020-05-08,0.02327110525102949,1.0
2020-05-11,-0.012180418556871242,0.0
2020-05-12,0.018215439891341223,1.0
2020-05-13,-0.006035021334469981,0.0
2020-05-14,-0.019560525854493527,0.0
2020-05-15,0.06685066089595049,1.0
2020-05-18,0.0407296115001885,1.0
2020-05-19,0.011025470011707839,1.0
2020-05-20,0.0021905813798186458,1.0
2020-05-21,0.028049303809899673,1.0
2020-05-22,0.0010632643213299708,1.0
2020-05-25,0.03958850294513061,1.0
2020-05-26,-0.042781693524285735,0.0
2020-05-27,0.0,0.0
2020-05-28,0.0074349784875180625,1.0
2020-05-29,0.008429976160459596,1.0
2020-06-01,-0.0212097028068583,0.0
2020-06-02,-0.0042964620335053105,0.0
2020-06-03,-0.013001266557373992,0.0
2020-06-04,0.017297728590879302,1.0
2020-06-05,0.023306139633386458,1.0
2020-06-08,-0.022234902251887956,0.0
2020-06-09,-0.0032171609517752664,0.0
2020-06-10,-0.05747437959189039,0.0
2020-06-11,0.03904567376897328,1.0
2020-06-12,-0.04246448051775875,0.0
2020-06-15,0.030356462480594093,1.0
2020-06-16,0.002212390282940735,1.0
2020-06-17,0.0207771279417579,1.0
2020-06-18,0.02035421099177359,1.0
2020-06-19,-0.0021231430480779245,0.0
2020-06-22,-0.01068386230831253,0.0
2020-06-23,0.0,0.0
2020-06-24,0.01068386230831253,1.0
2020-06-25,-0.003193190579155125,0.0
2020-06-26,-0.020463826650537698,0.0
2020-06-29,0.005425949285997156,1.0
2020-06-30,0.022472855852058604,1.0
2020-07-01,0.007380107297622729,1.0
2020-07-02,-0.004210532536343514,0.0
2020-07-03,0.004210532536343514,1.0
2020-07-06,0.02694463524345192,1.0
2020-07-07,-0.011311174581523087,0.0
2020-07-08,0.004127972838030569,1.0
2020-07-09,-0.014523076838370397,0.0
2020-07-10,-0.0041884877987521385,0.0
2020-07-13,0.00939954701150425,1.0
2020-07-14,0.005184044787587716,1.0
2020-07-15,0.01945785914934106,1.0
2020-07-16,-0.0020304575503820033,0.0
2020-07-17,-0.01846206283973517,0.0
2020-07-20,0.0031007776782479013,1.0
2020-07-21,0.0,0.0
2020-07-22,0.0030911925696730513,1.0
2020-07-23,-0.04848156981425955,0.0
2020-07-24,-0.03405051637132406,0.0
2020-07-27,0.052242564358602195,1.0
2020-07-28,-0.027958810376992993,0.0
2020-07-29,0.016225342429126766,1.0
2020-07-30,-0.01840874941006998,0.0
2020-07-31,0.05320403606346469,1.0
2020-08-03,0.004136510551779882,1.0
2020-08-04,0.0473640162476614,1.0
2020-08-05,-0.001970443987298953,0.0
2020-08-06,0.005899722127188145,1.0
2020-08-07,0.003913899321136505,1.0
2020-08-10,-0.001955034835803282,0.0
2020-08-11,0.001955034835803282,1.0
2020-08-12,0.008750663520185498,1.0
2020-08-13,-0.016593840981211194,0.0
2020-08-14,0.007843177461025697,1.0
2020-08-17,-0.005876608488985191,0.0
2020-08-18,0.003921573653181909,1.0
2020-08-19,-0.0058881426252224145,0.0
2020-08-20,0.009794397592287396,1.0
2020-08-21,0.018349138668196652,1.0
2020-08-24,-0.009615458699442136,0.0
2020-08-25,-0.01459879942115272,0.0
2020-08-26,0.003913899321136505,1.0
2020-08-27,0.0,0.0
2020-08-28,0.010684900100016215,1.0
2020-08-31,0.009615458699442136,1.0
2020-09-01,0.008575564702395955,1.0
2020-09-03,-0.0018993358036523134,0.0
2020-09-04,-0.018225924178016495,0.0
2020-09-07,0.005791521979588765,1.0
2020-09-08,-0.005791521979588765,0.0
2020-09-09,0.001934236579830717,1.0
2020-09-10,-0.003872221682509114,0.0
2020-09-11,0.00580272421256689,1.0
2020-09-14,0.0038498603854417723,1.0
2020-09-15,0.0,0.0
2020-09-16,0.028411001832779892,1.0
2020-09-17,0.01114217655324179,1.0
2020-09-18,0.0,0.0
2020-09-21,-0.005555569844601926,0.0
2020-09-22,0.009242209964820614,1.0
2020-09-23,-0.005535069482001109,0.0
2020-09-24,0.003693448335351679,1.0
2020-09-25,0.025479085300985194,1.0
2020-09-28,-0.0017985616359150747,0.0
2020-09-29,0.0017985616359150747,1.0
2020-09-30,0.022213263410731265,1.0
2020-10-01,-0.011489300047755613,0.0
2020-10-02,0.024584205630538314,1.0
2020-10-05,0.03242604908624136,1.0
2020-10-06,-0.01608159921834229,0.0
2020-10-07,0.010186845306992875,1.0
2020-10-08,0.014256006636032659,1.0
2020-10-09,-0.008361252724683244,0.0
2020-10-12,-0.009278851895589746,0.0
2020-10-13,0.01263174690590052,1.0
2020-10-14,0.023977998706660397,1.0
2020-10-15,0.0024479816386397957,1.0
2020-10-16,-0.007361996441069163,0.0
2020-10-19,0.015478924122645843,1.0
2020-10-20,-0.00811692768157668,0.0
2020-10-21,0.016970104218461568,1.0
2020-10-22,0.04235927383914184,1.0
2020-10-23,-0.0030769255044793553,0.0
2020-10-26,0.019832839232918342,1.0
2020-10-27,-0.0330164346002193,0.0
2020-10-28,0.007001195458983478,1.0
2020-10-29,-0.0015515906914189692,0.0
2020-10-30,0.0015515906914189692,1.0
2020-11-02,0.003095977705128039,1.0
2020-11-03,-0.0015467907182986629,0.0
2020-11-04,-0.013245226750020933,0.0
2020-11-05,0.004694844304208079,1.0
2020-11-06,0.036033028139644596,1.0
2020-11-09,-0.00680017731906446,0.0
2020-11-10,0.0,0.0
2020-11-11,0.005293018028493357,1.0
2020-11-12,0.015713005664556245,1.0
2020-11-13,0.008869237740779745,1.0
2020-11-16,0.0339996582194666,1.0
2020-11-17,0.036316840197993194,1.0
2020-11-18,0.017675511158722124,1.0
2020-11-19,0.014051753455650573,1.0
2020-11-20,0.049264660026495655,1.0
2020-11-23,0.0,0.0
2020-11-24,-0.05192600557601024,0.0
2020-11-25,-0.014765368922661892,0.0
2020-11-26,0.03259350701566577,1.0
2020-11-27,-0.021164811192043054,0.0
2020-11-30,0.003336673099039178,1.0
2020-12-01,-0.00869861624042434,0.0
2020-12-02,0.04275560775564946,1.0
2020-12-03,0.002572348685311532,1.0
2020-12-04,0.03347328614451017,1.0
2020-12-07,0.005574495699126825,1.0
2020-12-08,0.0024676138369557066,1.0
2020-12-09,-0.023691881203210308,0.0
2020-12-10,0.03105839701997315,1.0
2020-12-11,0.011553792252282591,1.0
2020-12-14,-0.016458768364598697,0.0
2020-12-15,0.004904976112316106,1.0
2020-12-16,-0.02979736280494505,0.0
2020-12-17,0.024892386692628943,1.0
2020-12-18,-0.0012300124552000469,0.0
2020-12-21,0.020707195426606706,1.0
2020-12-22,0.016143848371356295,1.0
2020-12-23,-0.00118694375952888,0.0
2020-12-24,0.019988907741928852,1.0
2020-12-25,0.019026229741651246,1.0
2020-12-28,0.0011415526353824035,1.0
2020-12-29,-0.016681433697596226,0.0
2020-12-30,0.013252858910418386,1.0
2020-12-31,0.020397307729083547,1.0
2021-01-04,0.001121076350599548,1.0
2021-01-05,0.010588006408829287,1.0
2021-01-06,0.0,0.0
2021-01-07,-0.0011092624542858864,0.0
2021-01-08,0.007188308530667875,1.0
2021-01-11,0.042077404510371785,1.0
2021-01-12,-0.004765696073014247,0.0
2021-01-13,-0.005321992337941062,0.0
2021-01-14,0.0010666667678025377,1.0
2021-01-15,0.0021299262578251543,1.0
2021-01-18,-0.0699431709027607,0.0
2021-01-19,0.002848193323887749,1.0
2021-01-20,0.05801129235646618,1.0
2021-01-21,-0.012422519998557036,0.0
2021-01-22,0.0010863662122209128,1.0
2021-01-25,-0.0325545989521121,0.0
2021-01-26,-0.048257496191208116,0.0
2021-01-27,-0.07198228446246002,0.0
2021-01-28,0.04271772968515419,1.0
2021-01-29,-0.020821327813585366,0.0
2021-02-01,0.05478348371339958,1.0
2021-02-02,0.036242102773434315,1.0
2021-02-03,-0.00453001907174988,0.0
2021-02-04,0.016324595564586986,1.0
2021-02-05,-0.038126950837073625,0.0
2021-02-08,0.02180235527248664,1.0
2021-02-09,0.03841273817838564,1.0
2021-02-17,0.009241707527118947,1.0
2021-02-18,-0.009241707527118947,0.0
2021-02-19,-0.0010928962836449507,0.0
2021-02-22,-0.002189382374273574,0.0
2021-02-23,0.007098036899040316,1.0
2021-02-24,0.012435953726618543,1.0
2021-02-25,0.03225233288798712,1.0
2021-02-26,0.01292341584196155,1.0
2021-03-01,0.010728072239999165,1.0
2021-03-02,0.002537428410416709,1.0
2021-03-03,-0.01944790055873291,0.0
2021-03-04,0.0020650497787695343,1.0
2021-03-05,0.006682111730385909,1.0
2021-03-08,-0.009781287764706992,0.0
2021-03-09,-0.0057068896780929634,0.0
2021-03-10,0.017535261064524743,1.0
2021-03-11,0.0010219724956930243,1.0
2021-03-12,0.0010209291341074511,1.0
2021-03-15,-0.008711302847123292,0.0
2021-03-16,0.004621317595598029,1.0
2021-03-17,0.006128721941373261,1.0
2021-03-18,0.011642753637405523,1.0
2021-03-19,-0.008084935399096604,0.0
2021-03-22,-0.0035578182383089185,0.0
2021-03-23,-0.02474353038360544,0.0
2021-03-24,-0.009965988595791675,0.0
2021-03-25,0.026016035437185447,1.0
2021-03-26,0.0025647616008384055,1.0
2021-03-29,0.003069056117417812,1.0
2021-03-30,0.007631682932159656,1.0
2021-03-31,0.035353445300979836,1.0
2021-04-01,0.011189608358173064,1.0
2021-04-02,0.0053076119774044805,1.0
2021-04-05,0.0019230775157415003,1.0
2021-04-06,0.0009601536983434578,1.0
2021-04-07,-0.0019212301778939178,0.0
2021-04-08,0.004317588861201926,1.0
2021-04-09,0.032496384261514244,1.0
2021-04-12,-0.021546500991927786,0.0
2021-04-13,0.056158334802993704,1.0
2021-04-14,0.0278102230599524,1.0
2021-04-15,0.0017398873462677322,1.0
2021-04-16,0.0570135387944215,1.0
2021-04-19,-0.01031575064861645,0.0
2021-04-20,-0.03933685428147404,0.0
2021-04-22,0.025134443460496758,1.0
2021-04-23,-0.023410305102356865,0.0
2021-04-26,0.02172609417792648,1.0
2021-04-27,-0.00549335841610743,0.0
2021-04-28,0.03701815893251181,1.0
2021-04-29,0.028975870235751877,1.0
2021-05-04,-0.008364916331627725,0.0
2021-05-05,0.0015987213636972086,1.0
2021-05-06,0.023288994144082142,1.0
2021-05-07,0.035266207311968056,1.0
2021-05-10,-0.015945668155426862,0.0
2021-05-11,0.011415649083676538,1.0
2021-05-12,-0.01948485713212378,0.0
2021-05-13,-0.0015444018513739444,0.0
2021-05-14,0.008081629515936939,1.0
2021-05-17,0.02386024951980792,1.0
2021-05-18,0.041779619683214975,1.0
2021-05-19,0.007509422022131229,1.0
2021-05-20,-0.015075662405447332,0.0
2021-05-21,-0.0028975029326381296,0.0
2021-05-24,0.030012970830390895,1.0
2021-05-25,0.0059659766356250366,1.0
2021-05-26,-0.014804641211879854,0.0
2021-05-27,0.004252309738530524,1.0
2021-05-28,0.0660181543702083,1.0
2021-05-31,0.05192202751106034,1.0
2021-06-01,-0.027398974188114433,0.0
2021-06-02,0.0054759357319902335,1.0
2021-06-03,0.003847391728894145,1.0
2021-06-04,-0.03384638078383029,0.0
2021-06-07,-0.052321715503302,0.0
2021-06-08,0.005912032521469879,1.0
2021-06-09,0.025335144865905157,1.0
2021-06-10,0.028659075710831594,1.0
2021-06-11,0.009481843148908098,1.0
2021-06-14,-0.007512692529027198,0.0
2021-06-15,-0.026579637804712064,0.0
2021-06-16,-0.007774249059050664,0.0
2021-06-17,0.013481835478415416,1.0
2021-06-18,-0.017562085953913176,0.0
2021-06-21,0.009832254153780529,1.0
2021-06-22,-0.005752003678282769,0.0
2021-06-23,-0.015732198616290383,0.0
2021-06-24,0.0020661164374717877,1.0
2021-06-25,0.03282311232514923,1.0
2021-06-28,-0.01138278108727997,0.0
2021-06-29,-0.005740350052822585,0.0
2021-06-30,0.02475042727779586,1.0
2021-07-01,-0.009626630359175437,0.0
2021-07-02,-0.021237946400346264,0.0
2021-07-05,-0.0643795332089625,0.0
2021-07-06,0.038843293996875694,1.0
2021-07-07,-0.018342665945866532,0.0
2021-07-08,-0.03514217804395736,0.0
2021-07-09,-0.05106043840792118,0.0
2021-07-12,0.01234107448436328,1.0
2021-07-13,-0.011177607221064978,0.0
2021-07-14,0.03278982282299081,1.0
2021-07-15,0.005237572766248366,1.0
2021-07-16,-0.05365271349232037,0.0
2021-07-19,0.06552228904770407,1.0
2021-07-20,-0.011869575555383705,0.0
2021-07-21,0.009654735225830713,1.0
2021-07-22,-0.030009753867991762,0.0
2021-07-23,-0.004580160678574252,0.0
2021-07-26,0.0133005950879026,1.0
2021-07-27,0.010514554248282959,1.0
2021-07-28,0.008555008472067804,1.0
2021-07-29,0.004434597067865642,1.0
2021-07-30,-0.0011068069751911658,0.0
2021-08-02,0.0,0.0
2021-08-03,0.005154650588664822,1.0
2021-08-04,0.02717066255166678,1.0
2021-08-05,-0.008254129044891645,0.0
2021-08-06,0.02631730831737311,1.0
2021-08-09,-0.005984879684297617,0.0
2021-08-10,-0.009223194151204428,0.0
2021-08-11,-0.011109234481871066,0.0
2021-08-12,0.00503236144695407,1.0
2021-08-13,0.016358828534363656,1.0
2021-08-16,0.019214564944625145,1.0
2021-08-17,0.0,0.0
2021-08-18,0.009641947976253284,1.0
2021-08-19,-0.038069901978487586,0.0
2021-08-20,-0.031094334430483705,0.0
2021-08-23,0.0054935131746343124,1.0
2021-08-24,0.013423020332140823,1.0
2021-08-25,-0.014519311324453277,0.0
2021-08-26,-0.0021961941477433022,0.0
2021-08-27,0.02282294317392486,1.0
2021-08-30,0.012104099362209464,1.0
2021-08-31,-0.0017708522424761952,0.0
2021-09-01,0.03961602126020036,1.0
2021-09-06,-0.009585831703320835,0.0
2021-09-07,0.011628037995119023,1.0
2021-09-08,0.01183045739898736,1.0
2021-09-09,-0.007758514209059708,0.0
2021-09-10,-0.013981472427345931,0.0
2021-09-13,-0.00966191091173707,0.0
2021-09-14,0.025335144865905157,1.0
2021-09-15,-0.005763704716749807,0.0
2021-09-16,0.009812293242750236,1.0
2021-09-17,-0.009812293242750236,0.0
2021-09-20,-0.00990952923741828,0.0
2021-09-21,0.0020583197661543373,1.0
2021-09-22,0.0020540917869378283,1.0
2021-09-23,-0.004112411553092166,0.0
2021-09-24,0.0,0.0
2021-09-27,0.035091319811269894,1.0
2021-09-28,0.013175421158564404,1.0
2021-09-29,-0.007554642597829897,0.0
2021-09-30,0.00951606852904785,1.0
2021-10-01,0.038441632680103144,1.0
2021-10-04,-0.003778342026405923,0.0
2021-10-05,0.014406763427530667,1.0
2021-10-06,-0.008744590388751305,0.0
2021-10-07,0.0015671528046765637,1.0
2021-10-08,0.026577584129865883,1.0
2021-10-11,-0.0033603208647545735,0.0
2021-10-12,-0.0036787288574626764,0.0
2021-10-13,0.0,0.0
2021-10-14,0.008867203796280254,1.0
2021-10-15,0.010598130991823496,1.0
2021-10-18,-0.0124262850658865,0.0
2021-10-19,-0.0051979936636890045,0.0
2021-10-20,0.0051979936636890045,1.0
2021-10-21,-0.008575856540742777,0.0
2021-10-22,-0.028707119501820255,0.0
2021-10-25,0.021607228587754435,1.0
2021-10-26,0.028102032520695097,1.0
2021-10-27,0.0015048911794202091,1.0
2021-10-28,-0.015457195158874448,0.0
2021-10-29,-0.025051565216298144,0.0
2021-11-01,-0.003450983817050002,0.0
2021-11-02,0.001883831012373438,1.0
2021-11-03,0.01246898947973385,1.0
2021-11-04,0.005252599748351017,1.0
2021-11-05,0.0033840979842403307,1.0
2021-11-08,-0.005234807951101317,0.0
2021-11-09,-0.02153305230000324,0.0
2021-11-10,-0.02362063216170851,0.0
2021-11-11,0.010922048824581143,1.0
2021-11-12,-0.018378721403714326,0.0
2021-11-15,-0.030395468452413255,0.0
2021-11-16,-0.011471110940376672,0.0
2021-11-17,-0.028568454657158515,0.0
2021-11-18,-0.03989132902730175,0.0
2021-11-19,0.013355188574254662,1.0
2021-11-22,0.01847299422669879,1.0
2021-11-23,-0.01847299422669879,0.0
2021-11-24,0.012471210985643744,1.0
2021-11-25,-0.004258345682577325,0.0
2021-11-26,-0.013245226750020489,0.0
2021-11-29,0.011109234481871066,1.0
2021-11-30,0.001068566441837504,1.0
2021-12-01,-0.008221672764492371,0.0
2021-12-02,-0.018475439483669476,0.0
2021-12-03,-0.0418127349892079,0.0
2021-12-06,0.0396165408414646,1.0
2021-12-07,-0.008463711977605204,0.0
2021-12-08,-0.0022197567383126504,0.0
2021-12-09,-0.012672551253766429,0.0
2021-12-10,0.0011246486658702537,1.0
2021-12-13,0.02442756545155733,1.0
2021-12-14,0.0018264845260342888,1.0
2021-12-15,-0.006223706708356147,0.0
2021-12-16,-0.017037449153407103,0.0
2021-12-17,0.004472612748512184,1.0
2021-12-20,-0.017254741664575857,0.0
2021-12-21,-0.021802355272486196,0.0
2021-12-22,-0.0034863486794378673,0.0
2021-12-23,0.024152985487996936,1.0
2021-12-24,-0.003034903695154245,0.0
2021-12-27,-0.002282237582466262,0.0
2021-12-28,0.0,0.0
2021-12-29,-0.0022874581075988942,0.0
2021-12-30,0.015151805020602538,1.0
2021-12-31,0.007490671729157405,1.0
2022-01-04,0.001118776920721487,1.0
2022-01-05,-0.015020935821334902,0.0
2022-01-06,-0.006452859741547634,0.0
2022-01-07,-0.003433152332595668,0.0
2022-01-10,-0.011916343198342894,0.0
2022-01-11,0.02406992994026691,1.0
2022-01-12,0.010514554248282959,1.0
2022-01-13,-0.00938269221459942,0.0
2022-01-14,-0.034135624941681986,0.0
2022-01-17,-0.015729777723013427,0.0
2022-01-18,-0.01156082240107592,0.0
2022-01-19,0.01156082240107592,1.0
2022-01-20,-0.016383982876505332,0.0
2022-01-21,-0.061909693743122496,0.0
2022-01-24,0.0611035671375979,1.0
2022-01-25,0.004425676103152476,1.0
2022-01-26,-0.030157134558697507,0.0
2022-01-27,0.0008271299065443216,1.0
2022-01-28,0.020053874415251194,1.0
2022-02-07,0.05632518367385053,1.0
2022-02-08,0.03795308036115719,1.0
2022-02-09,-0.0062881657171884875,0.0
2022-02-10,0.0029640629333500534,1.0
2022-02-11,-0.02018005700437797,0.0
2022-02-14,-0.004540302918782935,0.0
2022-02-15,0.0,0.0
2022-02-16,0.01093731438536727,1.0
2022-02-17,0.01156082240107592,1.0
2022-02-18,-0.008190663809623189,0.0
2022-02-21,-0.005623257554361771,0.0
2022-02-22,0.0063706417446076635,1.0
2022-02-23,-0.015054857167065894,0.0
2022-02-24,-0.0018978939080791513,0.0
2022-02-25,0.0277275162855255,1.0
2022-02-28,-0.006302152461868271,0.0
2022-03-01,0.0,0.0
2022-03-02,0.06583927389924993,1.0
2022-03-03,-0.00593680807800423,0.0
2022-03-04,0.02593057992100256,1.0
2022-03-07,-0.03296048584926048,0.0
2022-03-08,0.008080142327960171,1.0
2022-03-09,-0.014094666031187142,0.0
2022-03-10,-0.032092171750287335,0.0
2022-03-11,-0.038473465845596966,0.0
2022-03-14,0.007587289812159614,1.0
2022-03-15,0.0011331445971687337,1.0
2022-03-16,-0.005678606968843258,0.0
2022-03-17,0.012075618435427593,1.0
2022-03-18,0.007473876344529007,1.0
2022-03-21,0.001116279185681801,1.0
2022-03-22,-0.0022338058432409547,0.0
2022-03-23,-0.008609448649878892,0.0
2022-03-24,0.0,0.0
2022-03-25,-0.010582109330537381,0.0
2022-03-28,-0.0011404677153263876,0.0
2022-03-29,-0.0076365395931530244,0.0
2022-03-30,-0.008854725804925412,0.0
2022-03-31,0.013062037423339667,1.0
2022-04-01,0.003429227974738769,1.0
2022-04-04,0.0053110898744077595,1.0
2022-04-05,0.024664927480805954,1.0
2022-04-06,-0.014875692680570651,0.0
2022-04-07,-0.003377747628779293,0.0
2022-04-08,-0.028213842443942205,0.0
2022-04-12,0.0019316212303071012,1.0
2022-04-13,-0.006582792406037985,0.0
2022-04-14,-0.015662027274987445,0.0
2022-04-15,-0.03575395897211209,0.0
2022-04-18,0.01501956385558012,1.0
2022-04-19,-0.002016536275192937,0.0
2022-04-20,0.0032245090413693944,1.0
2022-04-21,0.010408420626855985,1.0
2022-04-22,-0.07224101520946746,0.0
2022-04-25,0.011068652809190116,1.0
2022-04-26,0.03125905686789876,1.0
2022-04-27,0.013855152363403622,1.0
2022-04-28,0.004441759775942522,1.0
2022-04-29,-0.030268159335840927,0.0
2022-05-04,0.00124507175245947,1.0
2022-05-05,-0.006240918945831009,0.0
2022-05-06,-0.045248862687054636,0.0
2022-05-09,0.028413448223191917,1.0
2022-05-10,-0.010667905735720407,0.0
2022-05-11,-0.06102689061786881,0.0
2022-05-12,-0.06353583202389324,0.0
2022-05-13,0.01111390999963957,1.0
2022-05-16,0.05105299641691197,1.0
2022-05-17,0.0,0.0
2022-05-18,-0.007792842554116941,0.0
2022-05-19,-0.00646354974162211,0.0
2022-05-20,-0.024380016710618513,0.0
2022-05-23,-0.05161807922045547,0.0
2022-05-24,-0.013078657248511316,0.0
2022-05-25,0.016072671461115906,1.0
2022-05-26,0.012379459902034373,1.0
2022-05-27,0.0,0.0
2022-05-30,-0.021388529844400317,0.0
2022-05-31,-0.010106200214846428,0.0
2022-06-01,-0.03514573615069638,0.0
2022-06-02,0.00733755912631695,1.0
2022-06-03,-0.0031380778889986694,0.0
2022-06-06,-0.0031479564295979756,0.0
2022-06-07,-0.00897340410274694,0.0
2022-06-08,0.027198329257308806,1.0
2022-06-09,-0.006211200092640645,0.0
2022-06-10,-0.054961817679407776,0.0
2022-06-13,-0.0483240084375578,0.0
2022-06-14,-0.02980062767930436,0.0
2022-06-15,0.05256768959285063,1.0
2022-06-16,-0.01074974990952926,0.0
2022-06-17,-0.07192256108242967,0.0
2022-06-20,-0.03736424674486827,0.0
2022-06-21,0.033076338184220955,1.0
2022-06-22,0.01341483531808274,1.0
2022-06-23,0.0,0.0
2022-06-24,0.04962624846083186,1.0
2022-06-27,-0.018028984991699026,0.0
2022-06-28,0.011088529138668868,1.0
2022-06-29,-0.019930319720129486,0.0
2022-06-30,0.004725348426426024,1.0
2022-07-01,-0.017836382483432,0.0
2022-07-04,-0.004810592560349658,0.0
2022-07-05,-0.020707195426606706,0.0
2022-07-06,0.014054615705579199,1.0
2022-07-07,0.031653881926444694,1.0
2022-07-08,-0.018392686985060802,0.0
2022-07-11,0.01131301139699925,1.0
2022-07-12,0.0,0.0
2022-07-13,-0.004153076274906908,0.0
2022-07-14,0.04419323771222894,1.0
2022-07-15,-0.02651452154343481,0.0
2022-07-18,-0.020059669674535652,0.0
2022-07-19,0.008899495105983757,1.0
2022-07-20,0.015822187674363164,1.0
2022-07-21,-0.022340729274605398,0.0
2022-07-22,-0.013768550342448727,0.0
2022-07-25,-0.01151876937220031,0.0
2022-07-26,-0.018462062839735616,0.0
2022-07-27,0.0068090637571676105,1.0
2022-07-28,0.0049230868663689975,1.0
2022-07-29,0.058419469544633174,1.0
2022-08-01,0.004621614234281424,1.0
2022-08-02,0.0362235415695733,1.0
2022-08-03,-0.0038986404156573506,0.0
2022-08-04,-0.015181624167478702,0.0
2022-08-05,0.012946986366062507,1.0
2022-08-08,0.021030105421454337,1.0
2022-08-09,-0.012675837951596769,0.0
2022-08-10,-0.01677891712910906,0.0
2022-08-11,0.022861324600873978,1.0
2022-08-12,0.002202644062342163,1.0
2022-08-15,0.022839491969822934,1.0
2022-08-16,-0.010267585474169394,0.0
2022-08-17,-0.0065395328422122034,0.0
2022-08-18,-0.01653841444033244,0.0
2022-08-19,-0.016816539790747598,0.0
2022-08-22,0.012917899375090247,1.0
2022-08-23,-0.006718950248744804,0.0
2022-08-24,0.015054647306097735,1.0
2022-08-25,-0.015054647306097735,0.0
2022-08-26,-0.021579485873682636,0.0
2022-08-29,0.002293578987099032,1.0
2022-08-30,-0.002293578987099032,0.0
2022-08-31,0.03884530047096524,1.0
2022-09-05,-0.015021144743458947,0.0
2022-09-06,-0.02382415572750629,0.0
2022-09-07,0.004581909505111614,1.0
2022-09-08,0.029836156285757198,1.0
2022-09-09,0.0,0.0
2022-09-12,-0.004446922280938015,0.0
2022-09-13,0.0,0.0
2022-09-14,-0.003907345188919553,0.0
2022-09-15,-0.026063798321011244,0.0
2022-09-16,-0.015037877364540542,0.0
2022-09-19,0.015037877364540542,1.0
2022-09-20,-0.004026465031488513,0.0
2022-09-21,0.004026465031488513,1.0
2022-09-22,-0.012709587604949668,0.0
2022-09-23,-0.013462304573272466,0.0
2022-09-26,0.0,0.0
2022-09-27,-0.027480821314098236,0.0
2022-09-28,-0.006684923101883733,0.0
2022-09-29,-0.020949626311537184,0.0
2022-09-30,-0.07095173597228444,0.0
2022-10-03,-0.04652001563489305,0.0
2022-10-04,0.018731036706063353,1.0
2022-10-05,-0.06458434120218559,0.0
2022-10-06,-0.022989518224698635,0.0
2022-10-07,0.04187170594602874,1.0
2022-10-10,-0.04713685537892953,0.0
2022-10-11,0.06637506894487277,1.0
2022-10-12,0.041471042840699024,1.0
2022-10-13,-0.0027118660687492913,0.0
2022-10-14,-0.01023550389402672,0.0
2022-10-17,-0.020790769669074116,0.0
2022-10-18,-0.02409755157906046,0.0
2022-10-19,-0.016636911758154405,0.0
2022-10-20,-0.06868032264865187,0.0
2022-10-21,-0.030137094420238597,0.0
2022-10-24,0.041787711640213665,1.0
2022-10-25,-0.011650617219975068,0.0
2022-10-26,0.029255358148789767,1.0
2022-10-27,-0.03473911650504613,0.0
2022-10-28,-0.0707900189997357,0.0
2022-10-31,-0.043072980276574135,0.0
2022-11-01,0.02348955323756785,1.0
2022-11-02,-0.01037174379678163,0.0
2022-11-03,-0.036271114415503014,0.0
2022-11-04,-0.067064230580546,0.0
2022-11-07,-0.04130380614123563,0.0
2022-11-08,-0.011105616412509178,0.0
2022-11-09,-0.07153416891562436,0.0
2022-11-10,0.016225342429126766,1.0
2022-11-11,-0.008620743043907364,0.0
2022-11-14,0.024587021544394183,1.0
2022-11-15,0.06539612583439292,1.0
2022-11-16,0.06602110109779424,1.0
2022-11-17,0.05756985182147778,1.0
2022-11-18,-0.009661910911736626,0.0
2022-11-21,-0.010647837955846562,0.0
2022-11-22,-0.07020425867324853,0.0
2022-11-23,0.03940472272229778,1.0
2022-11-24,0.0641359562185424,1.0
2022-11-25,0.06674703828939066,1.0
2022-11-28,0.061810833433310286,1.0
2022-11-29,0.05606187625801651,1.0
2022-11-30,-0.010818713527167123,0.0
2022-12-01,0.06594253866932842,1.0
2022-12-02,0.028114301480839377,1.0
2022-12-05,-0.07253520604478947,0.0
2022-12-06,-0.018625180233922123,0.0
2022-12-07,0.03481701585583297,1.0
2022-12-08,0.015933832085001765,1.0
2022-12-09,-0.03212566770691261,0.0
2022-12-12,0.021068194988687505,1.0
2022-12-13,0.011057472718225103,1.0
2022-12-14,0.007531702841003796,1.0
2022-12-15,0.052486306885249245,1.0
2022-12-16,-0.01960847138837618,0.0
2022-12-19,-0.05146701105610196,0.0
2022-12-20,-0.004876359366776661,0.0
2022-12-21,0.0,0.0
2022-12-22,-0.029768321395853725,0.0
2022-12-23,-0.07079305199109953,0.0
2022-12-26,0.06574435753112029,1.0
2022-12-27,-0.002896453871456206,0.0
2022-12-28,-0.010937039389894654,0.0
2022-12-29,0.0,0.0
2022-12-30,0.06664407416519635,1.0
2023-01-03,0.008196767204178279,1.0
2023-01-04,0.020202707317519497,1.0
2023-01-05,-0.020202707317519497,0.0
2023-01-06,0.010152371464017929,1.0
2023-01-09,0.010050335853501569,1.0
2023-01-10,0.019802627296179764,1.0
2023-01-11,-0.007215511790708451,0.0
2023-01-12,-0.005280540323033378,0.0
2023-01-13,0.01510701965446204,1.0
2023-01-16,0.0668175388910428,1.0
2023-01-17,0.0024360547978812264,1.0
2023-01-18,-0.025879447987820825,0.0
2023-01-19,0.01671348097374059,1.0
2023-01-27,0.01159610186737181,1.0
2023-01-30,0.015653540580003344,1.0
2023-01-31,-0.046463124723200355,0.0
2023-02-01,0.009962722503674026,1.0
2023-02-02,-0.009962722503674026,0.0
2023-02-03,0.002500001302084609,1.0
2023-02-06,-0.06845796909388202,0.0
2023-02-07,0.05399685572121937,1.0
2023-02-08,-0.011465093740210097,0.0
2023-02-09,-0.005138097366744976,0.0
2023-02-10,-0.014920808762205695,0.0
2023-02-13,0.02005890612895067,1.0
2023-02-14,0.009563349902392382,1.0
2023-02-15,0.02382557841206978,1.0
2023-02-16,-0.014352820492107288,0.0
2023-02-17,0.04185226185265778,1.0
2023-02-20,-0.013960773027752005,0.0
2023-02-21,-0.01850762265598549,0.0
2023-02-22,0.014219714095338176,1.0
2023-02-23,-0.033076338184220955,0.0
2023-02-24,-0.03420791752266261,0.0
2023-02-27,-0.005266634951691884,0.0
2023-02-28,0.043906341937542503,1.0
2023-03-01,-0.013995139365580389,0.0
2023-03-02,-0.01224636639215726,0.0
2023-03-03,0.001943635208571326,1.0
2023-03-06,0.03372893699437407,1.0
2023-03-07,0.004993768180487024,1.0
2023-03-08,0.0,0.0
2023-03-09,0.004968954323187003,1.0
2023-03-10,-0.009962722503674026,0.0
2023-03-13,-0.03826997626063067,0.0
2023-03-14,0.04823269876430469,1.0
2023-03-15,-0.021923834574252066,0.0
2023-03-16,-0.02176782492379603,0.0
2023-03-17,-0.01960847138837618,0.0
2023-03-20,0.022194122473398803,1.0
2023-03-21,-0.007126690351279219,0.0
2023-03-22,0.004541039266256597,1.0
2023-03-23,0.0,0.0
2023-03-24,0.019866081085978315,1.0
2023-03-27,-0.005089069507471233,0.0
2023-03-28,0.005089069507471233,1.0
2023-03-29,0.0,0.0
2023-03-30,0.0,0.0
2023-03-31,0.009472757919962493,1.0
2023-04-03,0.004390097988433261,1.0
2023-04-04,0.0192134822758252,1.0
2023-04-05,0.0,0.0
2023-04-06,-0.014219714095338176,0.0
2023-04-07,-0.023945693596354012,0.0
2023-04-10,0.005089069507471233,1.0
2023-04-11,-0.0025412974286722623,0.0
2023-04-12,-0.014739132572283431,0.0
2023-04-13,0.009637080688388089,1.0
2023-04-14,0.00954509315038532,1.0
2023-04-17,0.0050537062707669556,1.0
2023-04-18,-0.006955450108584671,0.0
2023-04-19,0.0,0.0
2023-04-20,-0.005089069507471233,0.0
2023-04-21,-0.002554279805096371,0.0
2023-04-24,0.019627094113688237,1.0
2023-04-25,0.0441518675318493,1.0
2023-04-26,-0.013893307134668742,0.0
2023-04-27,-0.0024360547978812264,0.0
2023-04-28,-0.01598067198835018,0.0
2023-05-04,0.006792245933943786,1.0
2023-05-05,0.006746422398854701,1.0
2023-05-08,0.009126926757435427,1.0
2023-05-09,-0.004248868304002507,0.0
2023-05-10,0.0024301348532915767,1.0
2023-05-11,0.026939671663718467,1.0
2023-05-12,-0.011286131083715123,0.0
2023-05-15,-0.004190368298626179,0.0
2023-05-16,-0.009644438830666235,0.0
2023-05-17,0.007242035272799541,1.0
2023-05-18,-0.007242035272799541,0.0
2023-05-19,0.004833846270316577,1.0
2023-05-22,-0.009082714574319084,0.0
2023-05-23,-0.018416726786231408,0.0
2023-05-24,-0.004968954323187003,0.0
2023-05-25,-0.004993768180487024,0.0
2023-05-26,0.016754968437617812,1.0
2023-05-29,-0.004935235186730669,0.0
2023-05-30,-0.00682596507040012,0.0
2023-05-31,0.009296627228969179,1.0
2023-06-01,0.00921099542701631,1.0
2023-06-02,0.0024420036555516944,1.0
2023-06-05,0.004866189651172803,1.0
2023-06-06,0.03809984623227036,1.0
2023-06-07,0.008723521444991,1.0
2023-06-08,0.004621614234281424,1.0
2023-06-09,0.0023028219733234323,1.0
2023-06-12,0.019362791719924832,1.0
2023-06-13,-0.013057239156648137,0.0
2023-06-14,0.0022831060145684923,1.0
2023-06-15,0.012464750619987086,1.0
2023-06-16,-0.00394922939233,0.0
2023-06-19,0.012917899375090247,1.0
2023-06-20,0.03939240171066061,1.0
2023-06-21,0.010141533411616166,1.0
2023-06-22,0.021540102568499364,1.0
2023-06-23,-0.007826807499904387,0.0
2023-06-26,0.023299008876980665,1.0
2023-06-27,0.03074064177805491,1.0
2023-06-28,-0.03074064177805491,0.0
2023-06-29,0.013723214095822556,1.0
2023-06-30,0.0020171464227400904,1.0
2023-07-03,0.002013085732681219,1.0
2023-07-04,0.026297719870639114,1.0
2023-07-05,0.001468069752291079,1.0
2023-07-06,0.016489219381110587,1.0
2023-07-07,0.00909750109822971,1.0
2023-07-10,-0.014402553327922618,0.0
2023-07-11,-0.011184167151417679,0.0
2023-07-12,0.0019540797619974626,1.0
2023-07-13,0.016457293022072328,1.0
2023-07-14,-0.007227205632652112,0.0
2023-07-17,-0.003390654737860821,0.0
2023-07-18,0.007251663395320129,1.0
2023-07-19,0.02849195579430619,1.0
2023-07-20,0.006997929187644747,1.0
2023-07-21,-0.005127021251833064,0.0
2023-07-24,0.0,0.0
2023-07-25,0.005127021251833064,1.0
2023-07-26,0.0,0.0
2023-07-27,-0.0032596070770374297,0.0
2023-07-28,-0.0037383221106073172,0.0
2023-07-31,-0.025125758819113386,0.0
2023-08-01,0.0,0.0
2023-08-02,-0.023804864652466673,0.0
2023-08-03,0.018510026770868215,1.0
2023-08-04,0.007213303697827023,1.0
2023-08-07,-0.012536326186741498,0.0
2023-08-08,0.021599111803461746,1.0
2023-08-09,-0.01627608931454727,0.0
2023-08-10,0.012470185576868964,1.0
2023-08-11,0.01654492951510811,1.0
2023-08-14,-0.0075294473364855286,0.0
2023-08-15,0.0,0.0
2023-08-16,0.005652393758614149,1.0
2023-08-17,-0.05851318408185957,0.0
2023-08-18,-0.011520287690328868,0.0
2023-08-21,-0.0020171464227400904,0.0
2023-08-22,-0.019368597321110848,0.0
2023-08-23,0.024905988767103704,1.0
2023-08-24,-0.013138137437431752,0.0
2023-08-25,0.034003275901393515,1.0
2023-08-28,0.0053934918683968824,1.0
2023-08-29,0.007793512413556858,1.0
2023-08-30,0.014451118538174601,1.0
2023-08-31,0.007147993265287145,1.0
2023-09-05,0.042302379690689396,1.0
2023-09-06,-0.012365625850105033,0.0
2023-09-07,0.0036798569584006735,1.0
2023-09-08,-0.026519348928223163,0.0
2023-09-11,0.026519348928223163,1.0
2023-09-12,-0.012474174225175716,0.0
2023-09-13,-0.02114243657380932,0.0
2023-09-14,-0.007147993265287145,0.0
2023-09-15,0.0,0.0
2023-09-18,0.019887019042716947,1.0
2023-09-19,0.008403410796379518,1.0
2023-09-20,0.0,0.0
2023-09-21,-0.039350893639410245,0.0
2023-09-22,-0.04854841389628595,0.0
2023-09-25,0.007585371389256856,1.0
2023-09-26,0.011520287690328868,1.0
2023-09-27,0.0034799935691633976,1.0
2023-09-28,-0.0114800362362395,0.0
2023-09-29,-0.003520245023252766,0.0
2023-10-02,-0.05487919370782546,0.0
2023-10-03,0.017932970026787398,1.0
2023-10-04,-0.014214506246850167,0.0
2023-10-05,0.002118644860285457,1.0
2023-10-06,0.02197890671877545,1.0
2023-10-09,0.019477806959570465,1.0
2023-10-10,0.007585371389256856,1.0
2023-10-11,-0.015740360518562646,0.0
2023-10-12,-0.0015364919796168053,0.0
2023-10-13,-0.02965106687708774,0.0
2023-10-16,-0.007951274332558267,0.0
2023-10-17,-0.03300272467604115,0.0
2023-10-18,-0.012731973815045095,0.0
2023-10-19,0.027474255552248472,1.0
2023-10-20,-0.014742281737203378,0.0
2023-10-23,0.0,0.0
2023-10-24,0.0021978030824794104,1.0
2023-10-25,-0.05354899967322524,0.0
2023-10-26,0.02402861601310713,1.0
2023-10-27,-0.015380536747337192,0.0
2023-10-30,0.0,0.0
2023-10-31,0.04050047326263373,1.0
2023-11-01,0.05313833876517071,1.0
2023-11-02,-0.006292626951823532,0.0
2023-11-03,0.02596199813468214,1.0
2023-11-06,0.0015364919796168053,1.0
2023-11-07,0.04405116612188298,1.0
2023-11-08,-0.009348161556865797,0.0
2023-11-09,-0.007442356356125668,0.0
2023-11-10,0.026052100078839402,1.0
2023-11-13,-0.007793512413556858,0.0
2023-11-14,0.0,0.0
2023-11-15,0.007793512413556858,1.0
2023-11-16,-0.026052100078839402,0.0
2023-11-17,0.005463137501217741,1.0
2023-11-20,0.014749529926062266,1.0
2023-11-21,0.005839432651559395,1.0
2023-11-22,-0.051267757800003366,0.0
2023-11-23,0.021223636451626504,1.0
2023-11-24,-0.004008021397538641,0.0
2023-11-27,0.01544239902320177,1.0
2023-11-28,0.010816231309156876,1.0
2023-11-29,-0.016765678704250053,0.0
2023-11-30,0.01333682401001779,1.0
2023-12-01,0.021840227478302054,1.0
2023-12-04,-0.009163314659518473,0.0
2023-12-05,0.012996572827180142,1.0
2023-12-06,0.0,0.0
2023-12-07,0.003342089527608838,1.0
2023-12-08,-0.007175347695270506,0.0
2023-12-11,0.016190829873893087,1.0
2023-12-12,-0.021485667755491544,0.0
2023-12-13,-0.01116245514047387,0.0
2023-12-14,-0.009316076203066626,0.0
2023-12-15,-0.0074165976550499835,0.0
2023-12-18,0.022572106509676004,1.0
2023-12-19,0.0,0.0
2023-12-20,0.0,0.0
2023-12-21,-0.005839432651559395,0.0
2023-12-22,0.014535139619113124,1.0
2023-12-25,0.012903404835908017,1.0
2023-12-26,-0.0019011412570244524,0.0
2023-12-27,0.007110719697968726,1.0
2023-12-28,0.0,0.0
2023-12-29,-0.01811298327685229,0.0
2024-01-02,0.012903404835908017,1.0
2024-01-03,-0.0019011412570244524,0.0
2024-01-04,0.0019011412570244524,1.0
2024-01-05,0.0018975337761912847,1.0
2024-01-08,-0.005703437513869591,0.0
2024-01-09,-0.012470185576868964,0.0
2024-01-10,0.005294837881598458,1.0
2024-01-11,-0.012560551608014947,0.0
2024-01-12,-0.0019464726340232552,0.0
2024-01-15,0.025488275674987015,1.0
2024-01-16,-0.0052368603376828915,0.0
2024-01-17,0.0,0.0
2024-01-18,0.0052368603376828915,1.0
2024-01-19,0.01788282949677189,1.0
2024-01-22,0.0018639334380625705,1.0
2024-01-23,-0.0037313476128582046,0.0
2024-01-24,0.0,0.0
2024-01-25,0.0037313476128582046,1.0
2024-01-26,-0.012649501064072588,0.0
2024-01-29,0.0,0.0
2024-01-30,-0.008998403127786325,0.0
2024-01-31,0.003798675033215737,1.0
2024-02-01,0.0018939399600710338,1.0
2024-02-02,0.0033057881344995543,1.0
2024-02-05,0.0018841267938345396,1.0
2024-02-06,0.0037576371128333896,1.0
2024-02-07,0.01903934920980399,1.0
2024-02-15,-0.003225066144795452,0.0
2024-02-16,0.02055336110586614,1.0
2024-02-19,0.0,0.0
2024-02-20,-0.0136551962492093,0.0
2024-02-21,-0.008745740439957128,0.0
2024-02-22,-0.0055632966853287336,0.0
2024-02-23,0.014309037125285862,1.0
2024-02-26,0.0522323583701656,1.0
2024-02-27,0.008230499136515412,1.0
2024-02-28,0.012859157048290104,1.0
2024-02-29,-0.004695846409129345,0.0
2024-03-01,-0.0017130625174277547,0.0
2024-03-04,0.011506625998225939,1.0
2024-03-05,-0.011506625998225939,0.0
2024-03-06,0.0064089089265571,1.0
2024-03-07,-0.022831058453341768,0.0
2024-03-08,-0.013158084577510998,0.0
2024-03-11,0.010103314582554201,1.0
2024-03-12,0.019476919521741465,1.0
2024-03-13,-0.014680747258248417,0.0
2024-03-14,-0.008298802814695083,0.0
2024-03-15,-0.016807118316381153,0.0
2024-03-18,0.00711114107750177,1.0
2024-03-19,0.006621079142936193,1.0
2024-03-20,0.008324253982086915,1.0
2024-03-21,0.009552829918991534,1.0
2024-03-22,-0.011299555253933224,0.0
2024-03-25,0.011299555253933224,1.0
2024-03-26,0.001727116146075236,1.0
2024-03-27,-0.001727116146075236,0.0
2024-03-28,-0.009552829918991534,0.0
2024-03-29,-0.005249355886143725,0.0
2024-04-01,0.010037177872198821,1.0
2024-04-02,-0.014873415040843607,0.0
2024-04-03,-0.011970881147736367,0.0
2024-04-04,-0.004918409199572871,0.0
2024-04-05,0.004918409199572871,1.0
2024-04-08,0.010206434285028987,1.0
2024-04-09,-0.008423902618746038,0.0
2024-04-10,0.008423902618746038,1.0
2024-04-11,0.0017644468627073806,1.0
2024-04-12,-0.04969405426503437,0.0
2024-04-15,-0.00510797488605208,0.0
2024-04-16,-0.012649501064072588,0.0
2024-04-17,-0.007097261870761873,0.0
2024-04-19,0.007097261870761873,1.0
2024-04-22,-0.014245255136049018,0.0
2024-04-23,0.042599466964382326,1.0
2024-04-24,-0.008745740439957128,0.0
2024-04-25,-0.0055632966853287336,0.0
2024-04-26,-0.0013956736389748592,0.0
2024-05-02,0.010189990905749902,1.0
2024-05-03,0.022780028331820024,1.0
2024-05-06,0.028421095909575644,1.0
2024-05-07,0.018221762302709,1.0
2024-05-08,-0.00820207490485636,0.0
2024-05-09,0.0,0.0
2024-05-10,-0.008269905674064937,0.0
2024-05-13,0.0,0.0
2024-05-14,0.03267702602630029,1.0
2024-05-15,0.012610507591929832,1.0
2024-05-16,0.0,0.0
2024-05-17,0.01245346107128631,1.0
2024-05-20,-0.0045482815641730845,0.0
2024-05-21,-0.017558979559626486,0.0
2024-05-22,0.03603620406057484,1.0
2024-05-23,-0.02055148369726867,0.0
2024-05-24,0.0,0.0
2024-05-27,0.008683122573460711,1.0
2024-05-28,-0.019119451903430118,0.0
2024-05-29,-0.012244189278520334,0.0
2024-05-30,0.012244189278520334,1.0
2024-05-31,0.01416690360474071,1.0
2024-06-03,0.010290273967167085,1.0
2024-06-04,-0.0020496010454436053,0.0
2024-06-05,0.0020496010454436053,1.0
2024-06-06,0.0,0.0
2024-06-07,0.0,0.0
2024-06-10,-0.006985851299066592,0.0
2024-06-11,0.017171313157773316,1.0
2024-06-12,-0.0036548264033764433,0.0
2024-06-13,-0.013516486754396873,0.0
2024-06-14,0.011887821899273288,1.0
2024-06-17,-0.0016313217320838014,0.0
2024-06-18,-0.0016339872916550924,0.0
2024-06-19,0.0,0.0
2024-06-20,-0.010273359309059149,0.0
2024-06-21,-0.012050841867536022,0.0
2024-06-24,0.0,0.0
2024-06-25,0.006666691358188981,1.0
2024-06-26,-0.001662510773613235,0.0
2024-06-27,-0.01932021455778221,0.0
2024-06-28,0.0016949156599914694,1.0
2024-07-01,0.012621118313214996,1.0
2024-07-02,0.0016708441648174421,1.0
2024-07-03,-0.0016708441648174421,0.0
2024-07-04,-0.0020924887316926544,0.0
2024-07-05,0.005431389997207159,1.0
2024-07-08,0.00705836436744578,1.0
2024-07-09,-0.0020708228564068065,0.0
2024-07-10,-0.0033222621919777318,0.0
2024-07-11,-0.012136579186356578,0.0
2024-07-12,-0.0016856304033363578,0.0
2024-07-15,0.0,0.0
2024-07-16,-0.00889647892720058,0.0
2024-07-17,0.00720800237577901,1.0
2024-07-18,-0.00720800237577901,0.0
2024-07-19,-0.005547272599347064,0.0
2024-07-22,-0.008594810106481443,0.0
2024-07-23,-0.0038918968043861746,0.0
2024-07-24,-0.012644598382305805,0.0
2024-07-25,0.0035041647770968076,1.0
2024-07-26,0.016479123998675682,1.0
2024-07-29,0.0,0.0
2024-07-30,-0.025262667513927806,0.0
2024-07-31,-0.018700455907188385,0.0
2024-08-01,0.020463347505217833,1.0
2024-08-02,-0.04918654390640498,0.0
2024-08-05,0.013780649868752715,1.0
2024-08-06,-0.009626478189614485,0.0
2024-08-07,-0.01765845140694111,0.0
2024-08-08,0.01765845140694111,1.0
2024-08-09,-0.007861312161957734,0.0
2024-08-12,-0.017326586581468906,0.0
2024-08-13,0.0018876834298175993,1.0
2024-08-14,-0.009950330853168321,0.0
2024-08-15,0.01559209475983625,1.0
2024-08-16,0.009797139244983377,1.0
2024-08-19,-0.001858736594625654,0.0
2024-08-20,0.013398213822911398,1.0
2024-08-21,-0.015260411753975855,0.0
2024-08-22,0.011582246687647846,1.0
2024-08-23,-0.0018441683419325727,0.0
2024-08-26,-0.009738078345715273,0.0
2024-08-27,-0.0018656721829497513,0.0
2024-08-28,-0.004210532536343514,0.0
2024-08-29,-0.0037576371128333896,0.0
2024-08-30,-0.009931507500916759,0.0
2024-09-04,-0.008112666780399902,0.0
2024-09-05,0.014272364057664522,1.0
2024-09-06,0.0075294473364855286,1.0
2024-09-09,-0.017498673030417855,0.0
2024-09-10,0.007604599385219402,1.0
2024-09-11,-0.009514819641338601,0.0
2024-09-12,-0.004311383923841561,0.0
2024-09-13,-0.00577757986538785,0.0
2024-09-16,0.015808712462016317,1.0
2024-09-17,-0.005719748672786906,0.0
2024-09-18,0.005719748672786906,1.0
2024-09-19,0.015562681461547268,1.0
2024-09-20,0.002336995688546395,1.0
2024-09-23,0.005586606708639863,1.0
2024-09-24,0.01337349883360961,1.0
2024-09-25,-0.005512186671651875,0.0
2024-09-26,0.0,0.0
2024-09-27,0.011449632751129535,1.0
2024-09-30,0.01491553075644747,1.0
2024-10-01,-0.01673868531796252,0.0
2024-10-02,-0.004114291517962609,0.0
2024-10-03,0.0,0.0
2024-10-04,0.007757282796463816,1.0
2024-10-07,0.02069349595198089,1.0
2024-10-08,0.02027394253624193,1.0
2024-10-09,-0.009204535729071761,0.0
2024-10-10,0.0017597892794922743,1.0
2024-10-11,-0.00927363678532922,0.0
2024-10-14,0.0035429620763443026,1.0
2024-10-15,-0.0017699119664587037,0.0
2024-10-16,0.005740797395951347,1.0
2024-10-17,-0.011069406807170168,0.0
2024-10-18,-0.007597801912519575,0.0
2024-10-21,-0.0035955094914412733,0.0
2024-10-22,-0.007683653621622266,0.0
2024-10-23,0.0,0.0
2024-10-24,0.0,0.0
2024-10-25,0.01127916311306354,1.0
2024-10-28,0.011153361213852797,1.0
2024-10-29,-0.0017761994012559512,0.0
2024-10-30,-0.00356189156636022,0.0
2024-10-31,-0.013471240989880062,0.0
2024-11-01,-0.009082714574319084,0.0
2024-11-04,0.007272759329079559,1.0
2024-11-05,0.017063727901402537,1.0
2024-11-06,0.0,0.0
2024-11-07,0.0017793599000772709,1.0
2024-11-08,0.02545113242952457,1.0
2024-11-11,-0.006956549793359912,0.0
2024-11-12,-0.016718383234908707,0.0
2024-11-13,-0.027892046531815318,0.0
2024-11-14,-0.015632502249826263,0.0
2024-11-15,-0.0037140246963716095,0.0
2024-11-18,-0.013580166557025652,0.0
2024-11-19,0.005641763906667929,1.0
2024-11-20,0.009797139244983377,1.0
2024-11-21,0.009702085806450267,1.0
2024-11-22,0.007785704545121952,1.0
2024-11-25,0.0018231545615150502,1.0
2024-11-26,-0.0018231545615150502,0.0
2024-11-27,0.0036429912785012064,1.0
2024-11-28,0.013095694039461314,1.0
2024-11-29,0.005815270246236626,1.0
2024-12-02,0.00356189156636022,1.0
2024-12-03,-0.011173300598124936,0.0
2024-12-04,0.042241211674096224,1.0
2024-12-05,-0.00908900435719584,0.0
2024-12-06,0.0017376198985408209,1.0
2024-12-09,0.009073296205674986,1.0
2024-12-10,-0.005607088229188761,0.0
2024-12-11,-0.008688151957637835,0.0
2024-12-12,-0.010967427327101209,0.0
2024-12-13,-0.007527155309063449,0.0
2024-12-16,0.0,0.0
2024-12-17,0.012806534047218765,1.0
2024-12-18,-0.018601067755554812,0.0
2024-12-19,-0.0053787668897888885,0.0
2024-12-20,0.011173300598124936,1.0
2024-12-23,-0.011173300598124936,0.0
2024-12-24,0.01649246207572519,1.0
2024-12-25,-0.005319161477600254,0.0
2024-12-26,-0.005794533708336047,0.0
2024-12-27,-0.003582628104260799,0.0
2024-12-30,-0.0035955094914412733,0.0
2024-12-31,0.01297267130403812,1.0
2025-01-02,-0.01477528558215413,0.0
2025-01-03,-0.02096703973801972,0.0
2025-01-06,0.0,0.0
2025-01-07,0.007342850798476075,1.0
2025-01-08,-0.009187019140408648,0.0
2025-01-09,-0.017691336642879918,0.0
2025-01-10,0.013529480924600712,1.0
2025-01-13,-0.0018552881017459555,0.0
2025-01-14,0.01337349883360961,1.0
2025-01-15,0.004114291517962609,1.0
2025-01-16,0.007272759329079559,1.0
2025-01-17,-0.0018132371241805778,0.0
2025-01-20,-0.005459522204898981,0.0
2025-01-21,-0.005948313123286475,0.0
2025-01-22,0.019091488949807722,1.0
2025-01-23,-0.004060461252202163,0.0
2025-01-24,-0.005439723295817878,0.0
2025-02-03,0.016678322143722113,1.0
2025-02-04,-0.0017897096499717158,0.0
2025-02-05,0.0,0.0
2025-02-06,-0.005388427945730356,0.0
2025-02-07,-0.04795755275956237,0.0
2025-02-10,0.027028672387919173,1.0
2025-02-11,-0.009702085806450267,0.0
2025-02-12,0.0018552881017459555,1.0
2025-02-13,0.007846797704704311,1.0
2025-02-14,0.001837391421835477,1.0
2025-02-17,0.015031027697605559,1.0
2025-02-18,-0.0018099552452395251,0.0
2025-02-19,0.0018099552452395251,1.0
2025-02-20,-0.003623192369420103,0.0
2025-02-21,0.046107457355184955,1.0
2025-02-24,-0.006956549793359912,0.0
2025-02-25,0.008688151957637835,1.0
2025-02-26,0.025198856273137338,1.0
2025-02-27,-0.016156814043975398,0.0
2025-02-28,0.0017130625174277547,1.0
2025-03-03,-0.006869928264420899,0.0
2025-03-04,-0.010829648834979722,0.0
2025-03-05,0.014270512444883643,1.0
2025-03-06,0.003429064654516978,1.0
2025-03-07,-0.003429064654516978,0.0
2025-03-10,0.007272759329080003,1.0
2025-03-11,-0.012438504781044468,0.0
2025-03-12,-0.0038918968043861746,0.0
2025-03-13,-0.005212870188533003,0.0
2025-03-14,0.010829648834979722,1.0
2025-03-17,-0.00908900435719584,0.0
2025-03-18,-0.012688859811682551,0.0
2025-03-19,-0.003970885429492643,0.0
2025-03-20,0.0,0.0
2025-03-21,0.0,0.0
2025-03-24,0.0022079938314631953,1.0
2025-03-25,0.012711106931928118,1.0
2025-03-26,-0.0017436796048269088,0.0
2025-03-27,-0.013175421158564404,0.0
2025-03-28,-0.0146963232901971,0.0
2025-03-31,0.009377161812596846,1.0
2025-04-01,0.009290046907092897,1.0
2025-04-02,-0.07258489727940631,0.0
2025-04-03,-0.029795572693698258,0.0
2025-04-04,-0.07178422012422203,0.0
2025-04-08,-0.07225515009871586,0.0
2025-04-09,0.06594598090545123,1.0
2025-04-10,0.06582329672567244,1.0
2025-04-11,0.04206566528551248,1.0
2025-04-14,0.01969121289018183,1.0
2025-04-15,-0.013554776357816767,0.0
2025-04-16,0.0,0.0
2025-04-17,-0.0018841267938345396,0.0
2025-04-18,-0.02000066670666989,0.0
2025-04-21,0.0038406192191877686,1.0
2025-04-22,0.01992475781627867,1.0
2025-04-23,0.0018770535778713793,1.0
2025-04-24,0.004210532536343514,1.0
2025-04-25,-0.002336995688546395,0.0
2025-04-28,-0.005631173960630509,0.0
2025-04-29,0.007968169649176904,1.0
2025-05-05,-0.009852296443011443,0.0
2025-05-06,-0.0018876834298175993,0.0
2025-05-07,0.011739979872829043,1.0
2025-05-08,-0.002336995688546395,0.0
2025-05-09,-0.009402984184282648,0.0
2025-05-12,0.015467849986843252,1.0
2025-05-13,0.013398213822911398,1.0
2025-05-14,0.0,0.0
2025-05-15,-0.013398213822911398,0.0
2025-05-16,-0.006064865802560604,0.0
2025-05-19,0.0,0.0
2025-05-20,0.004202667871496146,1.0
2025-05-21,-0.004202667871496146,0.0
2025-05-22,-0.0018735368477971193,0.0
2025-05-23,-0.0018770535778713793,0.0
2025-05-26,0.0,0.0
2025-05-27,0.0018770535778713793,1.0
2025-05-28,-0.0018770535778713793,0.0
2025-05-29,0.007953258297164645,1.0
2025-05-30,-0.007953258297164645,0.0
2025-06-02,0.017691336642879918,1.0
2025-06-03,-0.002310003337205657,0.0
2025-06-04,-0.007428075008509616,0.0
2025-06-05,0.011582246687647846,1.0
2025-06-06,0.009626478189614485,1.0
2025-06-09,-0.004114291517962609,0.0
2025-06-10,-0.0036714130271593426,0.0
2025-06-11,0.026317308317373556,1.0
2025-06-12,-0.014888612493750397,0.0
2025-06-13,0.013095694039461314,1.0
2025-06-16,0.003582628104260799,1.0
2025-06-17,0.011113695185936301,1.0
2025-06-18,-0.008881053043960474,0.0
2025-06-19,0.00356189156636022,1.0
2025-06-20,-0.005794533708336047,0.0
2025-06-23,0.005794533708336047,1.0
2025-06-24,0.007527155309063449,1.0
2025-06-25,0.005718071440957484,1.0
2025-06-26,0.0021905813798186458,1.0
2025-06-27,-0.006586192852856776,0.0
2025-06-30,-0.0022050725583140363,0.0
2025-07-01,0.01097705863115106,1.0
2025-07-02,0.008695706967553729,1.0
2025-07-03,0.006472514505617699,1.0
2025-07-04,0.014941579998199117,1.0
2025-07-07,0.045556531602366945,1.0
2025-07-08,0.0020222453807678953,1.0
2025-07-09,0.01603240753104851,1.0
2025-07-10,0.03323864147573419,1.0
2025-07-11,-0.00966191091173707,0.0
2025-07-14,-0.009756174945364737,0.0
2025-07-15,0.023256862164267478,1.0
2025-07-16,-0.00383877630716567,0.0
2025-07-17,-0.003853569315990235,0.0
2025-07-18,0.011516442061559218,1.0
2025-07-21,0.009496747537257377,1.0
2025-07-22,-0.0018921481520379757,0.0
2025-07-23,-0.015267472130788384,0.0
2025-07-24,0.0019212301778939178,1.0
2025-07-25,0.011450506787995529,1.0
2025-07-28,-0.0386895449501794,0.0
2025-07-29,0.001970443987298509,1.0
2025-07-30,-0.017875351826963204,0.0
2025-07-31,0.00798407434822046,1.0
2025-08-01,0.005946499187726495,1.0
2025-08-04,0.04255961441879608,1.0
2025-08-05,0.026169717733384612,1.0
2025-08-06,0.05037035938894974,1.0
2025-08-07,-0.017699577099401065,0.0
2025-08-08,0.005342844410495484,1.0
2025-08-11,0.01235673268890558,1.0
2025-08-12,-0.01413451093490492,0.0
2025-08-13,0.003552401604367983,1.0
2025-08-14,-0.0071174677688641275,0.0
2025-08-15,0.014184634991956546,1.0
2025-08-18,-0.008841790581461062,0.0
2025-08-19,-0.02700434119167472,0.0
2025-08-20,0.0,0.0
2025-08-21,-0.052446475372542434,0.0
2025-08-22,-0.0019249284095845809,0.0
2025-08-25,0.047045363690053854,1.0
2025-08-26,-0.01668249995993598,0.0
2025-08-27,0.012999254543639704,1.0
