fold,sample,predicted_return,actual_return,signal,confidence,directional_prob,correct_direction,profitable
1,0,8.717683073579489e-05,-0.007310236880684329,HOLD,0.0,0.49817136526107786,False,True
1,1,8.717683073579489e-05,0.001442307942338239,HOLD,0.0,0.49817136526107786,True,True
1,2,8.717683073579489e-05,-0.016347158239319093,HOLD,0.0,0.49817136526107786,False,True
1,3,8.717683073579489e-05,-0.02597227363959309,HOLD,0.0,0.49817136526107786,False,True
1,4,8.717683073579489e-05,-0.020251293274396787,HOLD,0.0,0.49817136526107786,False,True
1,5,8.717683073579489e-05,0.0194992250514332,HOLD,0.0,0.49817136526107786,True,True
1,6,8.717683073579489e-05,0.0,HOLD,0.0,0.49817136526107786,False,True
1,7,8.717683073579489e-05,0.0022545099729738283,HOLD,0.0,0.49817136526107786,True,True
1,8,8.717683073579489e-05,0.0016251019264998945,HOLD,0.0,0.49817136526107786,True,True
1,9,8.717683073579489e-05,0.007590405384455323,HOLD,0.0,0.49817136526107786,True,True
1,10,8.717683073579489e-05,-0.014609737288596492,HOLD,0.0,0.49817136526107786,False,True
1,11,8.717683073579489e-05,0.0031397200046674456,HOLD,0.0,0.49817136526107786,True,True
1,12,8.717683073579489e-05,-0.011603106593137014,HOLD,0.0,0.49817136526107786,False,True
1,13,8.717683073579489e-05,0.0015211056298349845,HOLD,0.0,0.49817136526107786,True,True
1,14,8.717683073579489e-05,0.014710770095965664,HOLD,0.0,0.49817136526107786,True,True
1,15,8.717683073579489e-05,0.028787816481136375,HOLD,0.0,0.49817136526107786,True,True
1,16,8.717683073579489e-05,0.011814483413763455,HOLD,0.0,0.49817136526107786,True,True
1,17,8.717683073579489e-05,0.0008385744726213673,HOLD,0.0,0.49817136526107786,True,True
1,18,8.717683073579489e-05,0.005850413678174959,HOLD,0.0,0.49817136526107786,True,True
1,19,8.717683073579489e-05,-0.005850413678174959,HOLD,0.0,0.49817136526107786,False,True
1,20,8.717683073579489e-05,0.013913061101526125,HOLD,0.0,0.49817136526107786,True,True
1,21,8.717683073579489e-05,-0.02960249710262275,HOLD,0.0,0.49817136526107786,False,True
1,22,8.717683073579489e-05,-0.010516115498995227,HOLD,0.0,0.49817136526107786,False,True
1,23,8.717683073579489e-05,0.0,HOLD,0.0,0.49817136526107786,False,True
1,24,8.717683073579489e-05,-0.012119861440419655,HOLD,0.0,0.49817136526107786,False,True
1,25,8.717683073579489e-05,0.02639971597842372,HOLD,0.0,0.49817136526107786,True,True
1,26,8.717683073579489e-05,-0.015017680444569415,HOLD,0.0,0.49817136526107786,False,True
1,27,8.717683073579489e-05,0.006743113884890128,HOLD,0.0,0.49817136526107786,True,True
1,28,8.717683073579489e-05,-0.010563911039356277,HOLD,0.0,0.49817136526107786,False,True
1,29,8.717683073579489e-05,-0.015305468939061484,HOLD,0.0,0.49817136526107786,False,True
1,30,8.717683073579489e-05,-0.011603106593137014,HOLD,0.0,0.49817136526107786,False,True
1,31,8.717683073579489e-05,0.00468266374856352,HOLD,0.0,0.49817136526107786,True,True
1,32,8.717683073579489e-05,0.003151594162345006,HOLD,0.0,0.49817136526107786,True,True
1,33,8.717683073579489e-05,-0.00796112121586745,HOLD,0.0,0.49817136526107786,False,True
1,34,8.717683073579489e-05,0.0008877053401405988,HOLD,0.0,0.49817136526107786,True,True
1,35,8.717683073579489e-05,0.002279058975837245,HOLD,0.0,0.49817136526107786,True,True
1,36,8.717683073579489e-05,-0.011063888531570143,HOLD,0.0,0.49817136526107786,False,True
1,37,8.717683073579489e-05,-0.002432623951043489,HOLD,0.0,0.49817136526107786,False,True
1,38,8.717683073579489e-05,-0.016023084760414363,HOLD,0.0,0.49817136526107786,False,True
1,39,8.717683073579489e-05,0.00402990470635789,HOLD,0.0,0.49817136526107786,True,True
1,40,8.717683073579489e-05,0.0,HOLD,0.0,0.49817136526107786,False,True
1,41,8.717683073579489e-05,-0.005724709883560664,HOLD,0.0,0.49817136526107786,False,True
1,42,8.717683073579489e-05,0.0032566953814843203,HOLD,0.0,0.49817136526107786,True,True
1,43,8.717683073579489e-05,-0.0007806401645451544,HOLD,0.0,0.49817136526107786,False,True
1,44,8.717683073579489e-05,0.01767445867172146,HOLD,0.0,0.49817136526107786,True,True
1,45,8.717683073579489e-05,-0.019237569580060843,HOLD,0.0,0.49817136526107786,False,True
1,46,8.717683073579489e-05,0.0023437510728845368,HOLD,0.0,0.49817136526107786,True,True
1,47,8.717683073579489e-05,0.0009099773133618427,HOLD,0.0,0.49817136526107786,True,True
1,48,8.717683073579489e-05,-0.0032537283862463795,HOLD,0.0,0.49817136526107786,False,True
1,49,8.717683073579489e-05,-0.0009129443085997835,HOLD,0.0,0.49817136526107786,False,True
1,50,8.717683073579489e-05,0.016178441269252275,HOLD,0.0,0.49817136526107786,True,True
1,51,8.717683073579489e-05,0.0007700205719283204,HOLD,0.0,0.49817136526107786,True,True
1,52,8.717683073579489e-05,0.007158409706378599,HOLD,0.0,0.49817136526107786,True,True
1,53,8.717683073579489e-05,0.0016544706287469069,HOLD,0.0,0.49817136526107786,True,True
1,54,8.717683073579489e-05,0.0,HOLD,0.0,0.49817136526107786,False,True
1,55,8.717683073579489e-05,-0.016022902556542817,HOLD,0.0,0.49817136526107786,False,True
1,56,8.717683073579489e-05,0.006440001649488991,HOLD,0.0,0.49817136526107786,True,True
1,57,8.717683073579489e-05,0.0,HOLD,0.0,0.49817136526107786,False,True
1,58,8.717683073579489e-05,0.0015394486683648623,HOLD,0.0,0.49817136526107786,True,True
1,59,8.717683073579489e-05,-0.009531241654729072,HOLD,0.0,0.49817136526107786,False,True
1,60,8.717683073579489e-05,-0.006491843105685291,HOLD,0.0,0.49817136526107786,False,True
1,61,8.717683073579489e-05,0.006491843105685291,HOLD,0.0,0.49817136526107786,True,True
1,62,8.717683073579489e-05,0.011196307681431428,HOLD,0.0,0.49817136526107786,True,True
1,63,8.717683073579489e-05,-0.006419331326114275,HOLD,0.0,0.49817136526107786,False,True
1,64,8.717683073579489e-05,0.01825077778202555,HOLD,0.0,0.49817136526107786,True,True
1,65,8.717683073579489e-05,-0.011063888531570143,HOLD,0.0,0.49817136526107786,False,True
1,66,8.717683073579489e-05,-0.0007675579243411335,HOLD,0.0,0.49817136526107786,False,True
1,67,8.717683073579489e-05,0.0015345271553419693,HOLD,0.0,0.49817136526107786,True,True
1,68,8.717683073579489e-05,-0.0039690212784808665,HOLD,0.0,0.49817136526107786,False,True
1,69,8.717683073579489e-05,-0.004757933491964295,HOLD,0.0,0.49817136526107786,False,True
1,70,8.717683073579489e-05,-0.008023855654370138,HOLD,0.0,0.49817136526107786,False,True
1,71,8.717683073579489e-05,0.0,HOLD,0.0,0.49817136526107786,False,True
1,72,8.717683073579489e-05,-0.002471867517643389,HOLD,0.0,0.49817136526107786,False,True
1,73,8.717683073579489e-05,0.00804363444256051,HOLD,0.0,0.49817136526107786,True,True
1,74,8.717683073579489e-05,-0.001551791336875219,HOLD,0.0,0.49817136526107786,False,True
1,75,8.717683073579489e-05,-0.016309318384390536,HOLD,0.0,0.49817136526107786,False,True
1,76,8.717683073579489e-05,-0.01484257303792802,HOLD,0.0,0.49817136526107786,False,True
1,77,8.717683073579489e-05,0.006653384490736158,HOLD,0.0,0.49817136526107786,True,True
1,78,8.717683073579489e-05,-0.0007960727500151421,HOLD,0.0,0.49817136526107786,False,True
1,79,8.717683073579489e-05,0.0007960727500151421,HOLD,0.0,0.49817136526107786,True,True
1,80,8.717683073579489e-05,-0.0033211588149271165,HOLD,0.0,0.49817136526107786,False,True
1,81,8.717683073579489e-05,-0.021792629990851964,HOLD,0.0,0.49817136526107786,False,True
1,82,8.717683073579489e-05,0.0058309203107924645,HOLD,0.0,0.49817136526107786,True,True
1,83,8.717683073579489e-05,0.027472057042178477,HOLD,0.0,0.49817136526107786,True,True
1,84,8.717683073579489e-05,0.017085515059841683,HOLD,0.0,0.49817136526107786,True,True
1,85,8.717683073579489e-05,0.006444982350353179,HOLD,0.0,0.49817136526107786,True,True
1,86,8.717683073579489e-05,-0.003990993388786279,HOLD,0.0,0.49817136526107786,False,True
1,87,8.717683073579489e-05,-0.004136510551780326,HOLD,0.0,0.49817136526107786,False,True
1,88,8.717683073579489e-05,0.0009063249147622798,HOLD,0.0,0.49817136526107786,True,True
1,89,8.717683073579489e-05,-0.008186648282888065,HOLD,0.0,0.49817136526107786,False,True
1,90,8.717683073579489e-05,-0.02043173955081201,HOLD,0.0,0.49817136526107786,False,True
1,91,8.717683073579489e-05,-0.01259732552785131,HOLD,0.0,0.49817136526107786,False,True
1,92,8.717683073579489e-05,0.0033658732551051784,HOLD,0.0,0.49817136526107786,True,True
1,93,8.717683073579489e-05,0.029663191823558144,HOLD,0.0,0.49817136526107786,True,True
1,94,8.717683073579489e-05,0.0,HOLD,0.0,0.49817136526107786,False,True
1,95,8.717683073579489e-05,0.008186648282888065,HOLD,0.0,0.49817136526107786,True,True
1,96,8.717683073579489e-05,-0.0016838291654108772,HOLD,0.0,0.49817136526107786,False,True
1,97,8.717683073579489e-05,-0.01462548921897966,HOLD,0.0,0.49817136526107786,False,True
1,98,8.717683073579489e-05,0.006555681010949499,HOLD,0.0,0.49817136526107786,True,True
1,99,8.717683073579489e-05,0.013757517439769273,HOLD,0.0,0.49817136526107786,True,True
1,100,8.717683073579489e-05,-0.006465818465655637,HOLD,0.0,0.49817136526107786,False,True
1,101,8.717683073579489e-05,-0.013058425309030675,HOLD,0.0,0.49817136526107786,False,True
1,102,8.717683073579489e-05,-0.0007889546760324606,HOLD,0.0,0.49817136526107786,False,True
1,103,8.717683073579489e-05,0.0007889546760324606,HOLD,0.0,0.49817136526107786,True,True
1,104,8.717683073579489e-05,0.011630317309091254,HOLD,0.0,0.49817136526107786,True,True
1,105,8.717683073579489e-05,0.008151691642947156,HOLD,0.0,0.49817136526107786,True,True
1,106,8.717683073579489e-05,0.009746165887166924,HOLD,0.0,0.49817136526107786,True,True
1,107,8.717683073579489e-05,-0.0007659900795822239,HOLD,0.0,0.49817136526107786,False,True
1,108,8.717683073579489e-05,-0.012207025977683195,HOLD,0.0,0.49817136526107786,False,True
1,109,8.717683073579489e-05,0.019460350390825276,HOLD,0.0,0.49817136526107786,True,True
1,110,8.717683073579489e-05,0.019088862929969252,HOLD,0.0,0.49817136526107786,True,True
1,111,8.717683073579489e-05,-0.0038636553329043366,HOLD,0.0,0.49817136526107786,False,True
1,112,8.717683073579489e-05,0.02807374715262423,HOLD,0.0,0.49817136526107786,True,True
1,113,8.717683073579489e-05,0.0007282437510820472,HOLD,0.0,0.49817136526107786,True,True
1,114,8.717683073579489e-05,-0.003037853967574833,HOLD,0.0,0.49817136526107786,False,True
1,115,8.717683073579489e-05,-0.013230622986630358,HOLD,0.0,0.49817136526107786,False,True
1,116,8.717683073579489e-05,-0.007799482434823979,HOLD,0.0,0.49817136526107786,False,True
1,117,8.717683073579489e-05,0.01553860342777913,HOLD,0.0,0.49817136526107786,True,True
1,118,8.717683073579489e-05,-0.0030639156268703616,HOLD,0.0,0.49817136526107786,False,True
1,119,8.717683073579489e-05,0.003920132424331868,HOLD,0.0,0.49817136526107786,True,True
1,120,8.717683073579489e-05,-0.0008562167974615065,HOLD,0.0,0.49817136526107786,False,True
1,121,8.717683073579489e-05,-0.01553860342777913,HOLD,0.0,0.49817136526107786,False,True
1,122,8.717683073579489e-05,0.0,HOLD,0.0,0.49817136526107786,False,True
1,123,8.717683073579489e-05,0.007799482434823979,HOLD,0.0,0.49817136526107786,True,True
1,124,8.717683073579489e-05,0.004675205366084789,HOLD,0.0,0.49817136526107786,True,True
1,125,8.717683073579489e-05,-0.0023348704923789043,HOLD,0.0,0.49817136526107786,False,True
1,126,8.717683073579489e-05,0.016230754744242404,HOLD,0.0,0.49817136526107786,True,True
1,127,8.717683073579489e-05,0.0045893800359424475,HOLD,0.0,0.49817136526107786,True,True
1,128,8.717683073579489e-05,0.011382139295088578,HOLD,0.0,0.49817136526107786,True,True
1,129,8.717683073579489e-05,0.00830471020454393,HOLD,0.0,0.49817136526107786,True,True
1,130,8.717683073579489e-05,-0.00830471020454393,HOLD,0.0,0.49817136526107786,False,True
1,131,8.717683073579489e-05,-0.0015499257946300915,HOLD,0.0,0.49817136526107786,False,True
1,132,8.717683073579489e-05,0.0022644667324982493,HOLD,0.0,0.49817136526107786,True,True
1,133,8.717683073579489e-05,0.014301998996550935,HOLD,0.0,0.49817136526107786,True,True
1,134,8.717683073579489e-05,-0.005295064439765795,HOLD,0.0,0.49817136526107786,False,True
1,135,8.717683073579489e-05,0.0022391147178426607,HOLD,0.0,0.49817136526107786,True,True
1,136,8.717683073579489e-05,-0.01578012218952196,HOLD,0.0,0.49817136526107786,False,True
1,137,8.717683073579489e-05,-0.015182843768830168,HOLD,0.0,0.49817136526107786,False,True
1,138,8.717683073579489e-05,0.018287323874130124,HOLD,0.0,0.49817136526107786,True,True
1,139,8.717683073579489e-05,-0.008380271718953836,HOLD,0.0,0.49817136526107786,False,True
1,140,8.717683073579489e-05,-0.016118630497621744,HOLD,0.0,0.49817136526107786,False,True
1,141,8.717683073579489e-05,0.0069398220935275035,HOLD,0.0,0.49817136526107786,True,True
1,142,8.717683073579489e-05,-0.007673139163788534,HOLD,0.0,0.49817136526107786,False,True
1,143,8.717683073579489e-05,0.0007333170702610303,HOLD,0.0,0.49817136526107786,True,True
1,144,8.717683073579489e-05,0.0007327797103666711,HOLD,0.0,0.49817136526107786,True,True
1,145,8.717683073579489e-05,-0.014015474073305612,HOLD,0.0,0.49817136526107786,False,True
1,146,8.717683073579489e-05,-0.0157228095408124,HOLD,0.0,0.49817136526107786,False,True
1,147,8.717683073579489e-05,0.0031393257401903796,HOLD,0.0,0.49817136526107786,True,True
1,148,8.717683073579489e-05,-0.02333946631930317,HOLD,0.0,0.49817136526107786,False,True
1,149,8.717683073579489e-05,-0.01799983851244935,HOLD,0.0,0.49817136526107786,False,True
1,150,8.717683073579489e-05,0.029357071543728352,HOLD,0.0,0.49817136526107786,True,True
1,151,8.717683073579489e-05,-0.003304527663928525,HOLD,0.0,0.49817136526107786,False,True
1,152,8.717683073579489e-05,-0.016170783582849957,HOLD,0.0,0.49817136526107786,False,True
1,153,8.717683073579489e-05,-0.004148845572554016,HOLD,0.0,0.49817136526107786,False,True
1,154,8.717683073579489e-05,0.011496606636083762,HOLD,0.0,0.49817136526107786,True,True
1,155,8.717683073579489e-05,0.0007703171519697349,HOLD,0.0,0.49817136526107786,True,True
1,156,8.717683073579489e-05,-0.007342082315204834,HOLD,0.0,0.49817136526107786,False,True
1,157,8.717683073579489e-05,0.0,HOLD,0.0,0.49817136526107786,False,True
1,158,8.717683073579489e-05,-0.004924841472848662,HOLD,0.0,0.49817136526107786,False,True
1,159,8.717683073579489e-05,-0.02672794218068475,HOLD,0.0,0.49817136526107786,False,True
1,160,8.717683073579489e-05,-0.01614240055954319,HOLD,0.0,0.49817136526107786,False,True
1,161,8.717683073579489e-05,0.02040339235929345,HOLD,0.0,0.49817136526107786,True,True
1,162,8.717683073579489e-05,-0.008406214021995595,HOLD,0.0,0.49817136526107786,False,True
1,163,8.717683073579489e-05,-0.012811179196244638,HOLD,0.0,0.49817136526107786,False,True
1,164,8.717683073579489e-05,0.015353836972948898,HOLD,0.0,0.49817136526107786,True,True
1,165,8.717683073579489e-05,0.0008016032493367575,HOLD,0.0,0.49817136526107786,True,True
1,166,8.717683073579489e-05,0.003333114211732102,HOLD,0.0,0.49817136526107786,True,True
1,167,8.717683073579489e-05,0.005045151434265094,HOLD,0.0,0.49817136526107786,True,True
1,168,8.717683073579489e-05,-0.010115885544538017,HOLD,0.0,0.49817136526107786,False,True
1,169,8.717683073579489e-05,0.006002018684998056,HOLD,0.0,0.49817136526107786,True,True
1,170,8.717683073579489e-05,-0.013656658894348972,HOLD,0.0,0.49817136526107786,False,True
1,171,8.717683073579489e-05,0.012725374319623839,HOLD,0.0,0.49817136526107786,True,True
1,172,8.717683073579489e-05,0.00927404633177531,HOLD,0.0,0.49817136526107786,True,True
1,173,8.717683073579489e-05,0.0025024708482579427,HOLD,0.0,0.49817136526107786,True,True
1,174,8.717683073579489e-05,-0.016847251290306176,HOLD,0.0,0.49817136526107786,False,True
1,175,8.717683073579489e-05,0.005070734110272923,HOLD,0.0,0.49817136526107786,True,True
1,176,8.717683073579489e-05,-0.005070734110272923,HOLD,0.0,0.49817136526107786,False,True
1,177,8.717683073579489e-05,0.00013377031656602867,HOLD,0.0,0.49817136526107786,True,True
1,178,8.717683073579489e-05,0.010114539249882704,HOLD,0.0,0.49817136526107786,True,True
1,179,8.717683073579489e-05,-0.014404090063194985,HOLD,0.0,0.49817136526107786,False,True
1,180,8.717683073579489e-05,0.0,HOLD,0.0,0.49817136526107786,False,True
1,181,8.717683073579489e-05,0.011885030063553792,HOLD,0.0,0.49817136526107786,True,True
1,182,8.717683073579489e-05,0.0034455374664821292,HOLD,0.0,0.49817136526107786,True,True
1,183,8.717683073579489e-05,-0.0077025613225405465,HOLD,0.0,0.49817136526107786,False,True
1,184,8.717683073579489e-05,0.009288814133669554,HOLD,0.0,0.49817136526107786,True,True
1,185,8.717683073579489e-05,0.0026381759134617155,HOLD,0.0,0.49817136526107786,True,True
1,186,8.717683073579489e-05,-0.0017140224382217184,HOLD,0.0,0.49817136526107786,False,True
1,187,8.717683073579489e-05,0.002504119924675585,HOLD,0.0,0.49817136526107786,True,True
1,188,8.717683073579489e-05,-0.012717087533585136,HOLD,0.0,0.49817136526107786,False,True
1,189,8.717683073579489e-05,0.0034602110648958018,HOLD,0.0,0.49817136526107786,True,True
1,190,8.717683073579489e-05,0.0,HOLD,0.0,0.49817136526107786,False,True
1,191,8.717683073579489e-05,0.003315872790803809,HOLD,0.0,0.49817136526107786,True,True
1,192,8.717683073579489e-05,0.0034368837532099406,HOLD,0.0,0.49817136526107786,True,True
1,0,0.0001089536660098626,-0.011603106593137014,HOLD,0.0,0.4980791866779327,False,True
1,1,0.0001089536660098626,0.00468266374856352,HOLD,0.0,0.4980791866779327,True,True
1,2,0.0001089536660098626,0.003151594162345006,HOLD,0.0,0.4980791866779327,True,True
1,3,0.0001089536660098626,-0.00796112121586745,HOLD,0.0,0.4980791866779327,False,True
1,4,0.0001089536660098626,0.0008877053401405988,HOLD,0.0,0.4980791866779327,True,True
1,5,0.0001089536660098626,0.002279058975837245,HOLD,0.0,0.4980791866779327,True,True
1,6,0.0001089536660098626,-0.011063888531570143,HOLD,0.0,0.4980791866779327,False,True
1,7,0.0001089536660098626,-0.002432623951043489,HOLD,0.0,0.4980791866779327,False,True
1,8,0.0001089536660098626,-0.016023084760414363,HOLD,0.0,0.4980791866779327,False,True
1,9,0.0001089536660098626,0.00402990470635789,HOLD,0.0,0.4980791866779327,True,True
1,10,0.0001089536660098626,0.0,HOLD,0.0,0.4980791866779327,False,True
1,11,0.0001089536660098626,-0.005724709883560664,HOLD,0.0,0.4980791866779327,False,True
1,12,0.0001089536660098626,0.0032566953814843203,HOLD,0.0,0.4980791866779327,True,True
1,13,0.0001089536660098626,-0.0007806401645451544,HOLD,0.0,0.4980791866779327,False,True
1,14,0.0001089536660098626,0.01767445867172146,HOLD,0.0,0.4980791866779327,True,True
1,15,0.0001089536660098626,-0.019237569580060843,HOLD,0.0,0.4980791866779327,False,True
1,16,0.0001089536660098626,0.0023437510728845368,HOLD,0.0,0.4980791866779327,True,True
1,17,0.0001089536660098626,0.0009099773133618427,HOLD,0.0,0.4980791866779327,True,True
1,18,0.0001089536660098626,-0.0032537283862463795,HOLD,0.0,0.4980791866779327,False,True
1,19,0.0001089536660098626,-0.0009129443085997835,HOLD,0.0,0.4980791866779327,False,True
1,20,0.0001089536660098626,0.016178441269252275,HOLD,0.0,0.4980791866779327,True,True
1,21,0.0001089536660098626,0.0007700205719283204,HOLD,0.0,0.4980791866779327,True,True
1,22,0.0001089536660098626,0.007158409706378599,HOLD,0.0,0.4980791866779327,True,True
1,23,0.0001089536660098626,0.0016544706287469069,HOLD,0.0,0.4980791866779327,True,True
1,24,0.0001089536660098626,0.0,HOLD,0.0,0.4980791866779327,False,True
1,25,0.0001089536660098626,-0.016022902556542817,HOLD,0.0,0.4980791866779327,False,True
1,26,0.0001089536660098626,0.006440001649488991,HOLD,0.0,0.4980791866779327,True,True
1,27,0.0001089536660098626,0.0,HOLD,0.0,0.4980791866779327,False,True
1,28,0.0001089536660098626,0.0015394486683648623,HOLD,0.0,0.4980791866779327,True,True
1,29,0.0001089536660098626,-0.009531241654729072,HOLD,0.0,0.4980791866779327,False,True
1,30,0.0001089536660098626,-0.006491843105685291,HOLD,0.0,0.4980791866779327,False,True
1,31,0.0001089536660098626,0.006491843105685291,HOLD,0.0,0.4980791866779327,True,True
1,32,0.0001089536660098626,0.011196307681431428,HOLD,0.0,0.4980791866779327,True,True
1,33,0.0001089536660098626,-0.006419331326114275,HOLD,0.0,0.4980791866779327,False,True
1,34,0.0001089536660098626,0.01825077778202555,HOLD,0.0,0.4980791866779327,True,True
1,35,0.0001089536660098626,-0.011063888531570143,HOLD,0.0,0.4980791866779327,False,True
1,36,0.0001089536660098626,-0.0007675579243411335,HOLD,0.0,0.4980791866779327,False,True
1,37,0.0001089536660098626,0.0015345271553419693,HOLD,0.0,0.4980791866779327,True,True
1,38,0.0001089536660098626,-0.0039690212784808665,HOLD,0.0,0.4980791866779327,False,True
1,39,0.0001089536660098626,-0.004757933491964295,HOLD,0.0,0.4980791866779327,False,True
1,40,0.0001089536660098626,-0.008023855654370138,HOLD,0.0,0.4980791866779327,False,True
1,41,0.0001089536660098626,0.0,HOLD,0.0,0.4980791866779327,False,True
1,42,0.0001089536660098626,-0.002471867517643389,HOLD,0.0,0.4980791866779327,False,True
1,43,0.0001089536660098626,0.00804363444256051,HOLD,0.0,0.4980791866779327,True,True
1,44,0.0001089536660098626,-0.001551791336875219,HOLD,0.0,0.4980791866779327,False,True
1,45,0.0001089536660098626,-0.016309318384390536,HOLD,0.0,0.4980791866779327,False,True
1,46,0.0001089536660098626,-0.01484257303792802,HOLD,0.0,0.4980791866779327,False,True
1,47,0.0001089536660098626,0.006653384490736158,HOLD,0.0,0.4980791866779327,True,True
1,48,0.0001089536660098626,-0.0007960727500151421,HOLD,0.0,0.4980791866779327,False,True
1,49,0.0001089536660098626,0.0007960727500151421,HOLD,0.0,0.4980791866779327,True,True
1,50,0.0001089536660098626,-0.0033211588149271165,HOLD,0.0,0.4980791866779327,False,True
1,51,0.0001089536660098626,-0.021792629990851964,HOLD,0.0,0.4980791866779327,False,True
1,52,0.0001089536660098626,0.0058309203107924645,HOLD,0.0,0.4980791866779327,True,True
1,53,0.0001089536660098626,0.027472057042178477,HOLD,0.0,0.4980791866779327,True,True
1,54,0.0001089536660098626,0.017085515059841683,HOLD,0.0,0.4980791866779327,True,True
1,55,0.0001089536660098626,0.006444982350353179,HOLD,0.0,0.4980791866779327,True,True
1,56,0.0001089536660098626,-0.003990993388786279,HOLD,0.0,0.4980791866779327,False,True
1,57,0.0001089536660098626,-0.004136510551780326,HOLD,0.0,0.4980791866779327,False,True
1,58,0.0001089536660098626,0.0009063249147622798,HOLD,0.0,0.4980791866779327,True,True
1,59,0.0001089536660098626,-0.008186648282888065,HOLD,0.0,0.4980791866779327,False,True
1,60,0.0001089536660098626,-0.02043173955081201,HOLD,0.0,0.4980791866779327,False,True
1,61,0.0001089536660098626,-0.01259732552785131,HOLD,0.0,0.4980791866779327,False,True
1,62,0.0001089536660098626,0.0033658732551051784,HOLD,0.0,0.4980791866779327,True,True
1,63,0.0001089536660098626,0.029663191823558144,HOLD,0.0,0.4980791866779327,True,True
1,64,0.0001089536660098626,0.0,HOLD,0.0,0.4980791866779327,False,True
1,65,0.0001089536660098626,0.008186648282888065,HOLD,0.0,0.4980791866779327,True,True
1,66,0.0001089536660098626,-0.0016838291654108772,HOLD,0.0,0.4980791866779327,False,True
1,67,0.0001089536660098626,-0.01462548921897966,HOLD,0.0,0.4980791866779327,False,True
1,68,0.0001089536660098626,0.006555681010949499,HOLD,0.0,0.4980791866779327,True,True
1,69,0.0001089536660098626,0.013757517439769273,HOLD,0.0,0.4980791866779327,True,True
1,70,0.0001089536660098626,-0.006465818465655637,HOLD,0.0,0.4980791866779327,False,True
1,71,0.0001089536660098626,-0.013058425309030675,HOLD,0.0,0.4980791866779327,False,True
1,72,0.0001089536660098626,-0.0007889546760324606,HOLD,0.0,0.4980791866779327,False,True
1,73,0.0001089536660098626,0.0007889546760324606,HOLD,0.0,0.4980791866779327,True,True
1,74,0.0001089536660098626,0.011630317309091254,HOLD,0.0,0.4980791866779327,True,True
1,75,0.0001089536660098626,0.008151691642947156,HOLD,0.0,0.4980791866779327,True,True
1,76,0.0001089536660098626,0.009746165887166924,HOLD,0.0,0.4980791866779327,True,True
1,77,0.0001089536660098626,-0.0007659900795822239,HOLD,0.0,0.4980791866779327,False,True
1,78,0.0001089536660098626,-0.012207025977683195,HOLD,0.0,0.4980791866779327,False,True
1,79,0.0001089536660098626,0.019460350390825276,HOLD,0.0,0.4980791866779327,True,True
1,80,0.0001089536660098626,0.019088862929969252,HOLD,0.0,0.4980791866779327,True,True
1,81,0.0001089536660098626,-0.0038636553329043366,HOLD,0.0,0.4980791866779327,False,True
1,82,0.0001089536660098626,0.02807374715262423,HOLD,0.0,0.4980791866779327,True,True
1,83,0.0001089536660098626,0.0007282437510820472,HOLD,0.0,0.4980791866779327,True,True
1,84,0.0001089536660098626,-0.003037853967574833,HOLD,0.0,0.4980791866779327,False,True
1,85,0.0001089536660098626,-0.013230622986630358,HOLD,0.0,0.4980791866779327,False,True
1,86,0.0001089536660098626,-0.007799482434823979,HOLD,0.0,0.4980791866779327,False,True
1,87,0.0001089536660098626,0.01553860342777913,HOLD,0.0,0.4980791866779327,True,True
1,88,0.0001089536660098626,-0.0030639156268703616,HOLD,0.0,0.4980791866779327,False,True
1,89,0.0001089536660098626,0.003920132424331868,HOLD,0.0,0.4980791866779327,True,True
1,90,0.0001089536660098626,-0.0008562167974615065,HOLD,0.0,0.4980791866779327,False,True
1,91,0.0001089536660098626,-0.01553860342777913,HOLD,0.0,0.4980791866779327,False,True
1,92,0.0001089536660098626,0.0,HOLD,0.0,0.4980791866779327,False,True
1,93,0.0001089536660098626,0.007799482434823979,HOLD,0.0,0.4980791866779327,True,True
1,94,0.0001089536660098626,0.004675205366084789,HOLD,0.0,0.4980791866779327,True,True
1,95,0.0001089536660098626,-0.0023348704923789043,HOLD,0.0,0.4980791866779327,False,True
1,96,0.0001089536660098626,0.016230754744242404,HOLD,0.0,0.4980791866779327,True,True
1,97,0.0001089536660098626,0.0045893800359424475,HOLD,0.0,0.4980791866779327,True,True
1,98,0.0001089536660098626,0.011382139295088578,HOLD,0.0,0.4980791866779327,True,True
1,99,0.0001089536660098626,0.00830471020454393,HOLD,0.0,0.4980791866779327,True,True
1,100,0.0001089536660098626,-0.00830471020454393,HOLD,0.0,0.4980791866779327,False,True
1,101,0.0001089536660098626,-0.0015499257946300915,HOLD,0.0,0.4980791866779327,False,True
1,102,0.0001089536660098626,0.0022644667324982493,HOLD,0.0,0.4980791866779327,True,True
1,103,0.0001089536660098626,0.014301998996550935,HOLD,0.0,0.4980791866779327,True,True
1,104,0.0001089536660098626,-0.005295064439765795,HOLD,0.0,0.4980791866779327,False,True
1,105,0.0001089536660098626,0.0022391147178426607,HOLD,0.0,0.4980791866779327,True,True
1,106,0.0001089536660098626,-0.01578012218952196,HOLD,0.0,0.4980791866779327,False,True
1,107,0.0001089536660098626,-0.015182843768830168,HOLD,0.0,0.4980791866779327,False,True
1,108,0.0001089536660098626,0.018287323874130124,HOLD,0.0,0.4980791866779327,True,True
1,109,0.0001089536660098626,-0.008380271718953836,HOLD,0.0,0.4980791866779327,False,True
1,110,0.0001089536660098626,-0.016118630497621744,HOLD,0.0,0.4980791866779327,False,True
1,111,0.0001089536660098626,0.0069398220935275035,HOLD,0.0,0.4980791866779327,True,True
1,112,0.0001089536660098626,-0.007673139163788534,HOLD,0.0,0.4980791866779327,False,True
1,113,0.0001089536660098626,0.0007333170702610303,HOLD,0.0,0.4980791866779327,True,True
1,114,0.0001089536660098626,0.0007327797103666711,HOLD,0.0,0.4980791866779327,True,True
1,115,0.0001089536660098626,-0.014015474073305612,HOLD,0.0,0.4980791866779327,False,True
1,116,0.0001089536660098626,-0.0157228095408124,HOLD,0.0,0.4980791866779327,False,True
1,117,0.0001089536660098626,0.0031393257401903796,HOLD,0.0,0.4980791866779327,True,True
1,118,0.0001089536660098626,-0.02333946631930317,HOLD,0.0,0.4980791866779327,False,True
1,119,0.0001089536660098626,-0.01799983851244935,HOLD,0.0,0.4980791866779327,False,True
1,120,0.0001089536660098626,0.029357071543728352,HOLD,0.0,0.4980791866779327,True,True
1,121,0.0001089536660098626,-0.003304527663928525,HOLD,0.0,0.4980791866779327,False,True
1,122,0.0001089536660098626,-0.016170783582849957,HOLD,0.0,0.4980791866779327,False,True
1,123,0.0001089536660098626,-0.004148845572554016,HOLD,0.0,0.4980791866779327,False,True
1,124,0.0001089536660098626,0.011496606636083762,HOLD,0.0,0.4980791866779327,True,True
1,125,0.0001089536660098626,0.0007703171519697349,HOLD,0.0,0.4980791866779327,True,True
1,126,0.0001089536660098626,-0.007342082315204834,HOLD,0.0,0.4980791866779327,False,True
1,127,0.0001089536660098626,0.0,HOLD,0.0,0.4980791866779327,False,True
1,128,0.0001089536660098626,-0.004924841472848662,HOLD,0.0,0.4980791866779327,False,True
1,129,0.0001089536660098626,-0.02672794218068475,HOLD,0.0,0.4980791866779327,False,True
1,130,0.0001089536660098626,-0.01614240055954319,HOLD,0.0,0.4980791866779327,False,True
1,131,0.0001089536660098626,0.02040339235929345,HOLD,0.0,0.4980791866779327,True,True
1,132,0.0001089536660098626,-0.008406214021995595,HOLD,0.0,0.4980791866779327,False,True
1,133,0.0001089536660098626,-0.012811179196244638,HOLD,0.0,0.4980791866779327,False,True
1,134,0.0001089536660098626,0.015353836972948898,HOLD,0.0,0.4980791866779327,True,True
1,135,0.0001089536660098626,0.0008016032493367575,HOLD,0.0,0.4980791866779327,True,True
1,136,0.0001089536660098626,0.003333114211732102,HOLD,0.0,0.4980791866779327,True,True
1,137,0.0001089536660098626,0.005045151434265094,HOLD,0.0,0.4980791866779327,True,True
1,138,0.0001089536660098626,-0.010115885544538017,HOLD,0.0,0.4980791866779327,False,True
1,139,0.0001089536660098626,0.006002018684998056,HOLD,0.0,0.4980791866779327,True,True
1,140,0.0001089536660098626,-0.013656658894348972,HOLD,0.0,0.4980791866779327,False,True
1,141,0.0001089536660098626,0.012725374319623839,HOLD,0.0,0.4980791866779327,True,True
1,142,0.0001089536660098626,0.00927404633177531,HOLD,0.0,0.4980791866779327,True,True
1,143,0.0001089536660098626,0.0025024708482579427,HOLD,0.0,0.4980791866779327,True,True
1,144,0.0001089536660098626,-0.016847251290306176,HOLD,0.0,0.4980791866779327,False,True
1,145,0.0001089536660098626,0.005070734110272923,HOLD,0.0,0.4980791866779327,True,True
1,146,0.0001089536660098626,-0.005070734110272923,HOLD,0.0,0.4980791866779327,False,True
1,147,0.0001089536660098626,0.00013377031656602867,HOLD,0.0,0.4980791866779327,True,True
1,148,0.0001089536660098626,0.010114539249882704,HOLD,0.0,0.4980791866779327,True,True
1,149,0.0001089536660098626,-0.014404090063194985,HOLD,0.0,0.4980791866779327,False,True
1,150,0.0001089536660098626,0.0,HOLD,0.0,0.4980791866779327,False,True
1,151,0.0001089536660098626,0.011885030063553792,HOLD,0.0,0.4980791866779327,True,True
1,152,0.0001089536660098626,0.0034455374664821292,HOLD,0.0,0.4980791866779327,True,True
1,153,0.0001089536660098626,-0.0077025613225405465,HOLD,0.0,0.4980791866779327,False,True
1,154,0.0001089536660098626,0.009288814133669554,HOLD,0.0,0.4980791866779327,True,True
1,155,0.0001089536660098626,0.0026381759134617155,HOLD,0.0,0.4980791866779327,True,True
1,156,0.0001089536660098626,-0.0017140224382217184,HOLD,0.0,0.4980791866779327,False,True
1,157,0.0001089536660098626,0.002504119924675585,HOLD,0.0,0.4980791866779327,True,True
1,158,0.0001089536660098626,-0.012717087533585136,HOLD,0.0,0.4980791866779327,False,True
1,159,0.0001089536660098626,0.0034602110648958018,HOLD,0.0,0.4980791866779327,True,True
1,160,0.0001089536660098626,0.0,HOLD,0.0,0.4980791866779327,False,True
1,161,0.0001089536660098626,0.003315872790803809,HOLD,0.0,0.4980791866779327,True,True
1,162,0.0001089536660098626,0.0034368837532099406,HOLD,0.0,0.4980791866779327,True,True
2,0,9.378006629674473e-05,0.006910660453854689,HOLD,0.0,0.4975376844406128,True,True
2,1,9.378006629674473e-05,-0.032450755775754736,HOLD,0.0,0.4975376844406128,False,True
2,2,9.378006629674473e-05,0.007249326954910096,HOLD,0.0,0.4975376844406128,True,True
2,3,9.378006629674473e-05,-0.014551590640310863,HOLD,0.0,0.4975376844406128,False,True
2,4,9.378006629674473e-05,0.06738462999107675,HOLD,0.0,0.4975376844406128,True,True
2,5,9.378006629674473e-05,0.0,HOLD,0.0,0.4975376844406128,False,True
2,6,9.378006629674473e-05,-0.022635503338215734,HOLD,0.0,0.4975376844406128,False,True
2,7,9.378006629674473e-05,-0.015063834198327797,HOLD,0.0,0.4975376844406128,False,True
2,8,9.378006629674473e-05,-0.014171083418053954,HOLD,0.0,0.4975376844406128,False,True
2,9,9.378006629674473e-05,0.02923491761638175,HOLD,0.0,0.4975376844406128,True,True
2,10,9.378006629674473e-05,0.009917948956495337,HOLD,0.0,0.4975376844406128,True,True
2,11,9.378006629674473e-05,0.018637875279341465,HOLD,0.0,0.4975376844406128,True,True
2,12,9.378006629674473e-05,0.015320215533003001,HOLD,0.0,0.4975376844406128,True,True
2,13,9.378006629674473e-05,0.032698463272607725,HOLD,0.0,0.4975376844406128,True,True
2,14,9.378006629674473e-05,0.048707727336609,HOLD,0.0,0.4975376844406128,True,True
2,15,9.378006629674473e-05,-0.001787802167721786,HOLD,0.0,0.4975376844406128,False,True
2,16,9.378006629674473e-05,-0.006213344117511177,HOLD,0.0,0.4975376844406128,False,True
2,17,9.378006629674473e-05,-0.01972229811268278,HOLD,0.0,0.4975376844406128,False,True
2,18,9.378006629674473e-05,0.002821274265196294,HOLD,0.0,0.4975376844406128,True,True
2,19,9.378006629674473e-05,0.013293416216183296,HOLD,0.0,0.4975376844406128,True,True
2,20,9.378006629674473e-05,0.01243281659192963,HOLD,0.0,0.4975376844406128,True,True
2,21,9.378006629674473e-05,0.008748005487517752,HOLD,0.0,0.4975376844406128,True,True
2,22,9.378006629674473e-05,-0.00532170185462455,HOLD,0.0,0.4975376844406128,False,True
2,23,9.378006629674473e-05,0.027661481653522557,HOLD,0.0,0.4975376844406128,True,True
2,24,9.378006629674473e-05,0.0,HOLD,0.0,0.4975376844406128,False,True
2,25,9.378006629674473e-05,-0.022339779798898007,HOLD,0.0,0.4975376844406128,False,True
2,26,9.378006629674473e-05,-0.0017707557579340616,HOLD,0.0,0.4975376844406128,False,True
2,27,9.378006629674473e-05,0.0017707557579340616,HOLD,0.0,0.4975376844406128,True,True
2,28,9.378006629674473e-05,0.009481311714520047,HOLD,0.0,0.4975376844406128,True,True
2,29,9.378006629674473e-05,-0.0008091706442856506,HOLD,0.0,0.4975376844406128,False,True
2,30,9.378006629674473e-05,0.0051137239683543,HOLD,0.0,0.4975376844406128,True,True
2,31,9.378006629674473e-05,0.01028252366092719,HOLD,0.0,0.4975376844406128,True,True
2,32,9.378006629674473e-05,0.011754741436669214,HOLD,0.0,0.4975376844406128,True,True
2,33,9.378006629674473e-05,0.029752550298296043,HOLD,0.0,0.4975376844406128,True,True
2,34,9.378006629674473e-05,0.01781137214789119,HOLD,0.0,0.4975376844406128,True,True
2,35,9.378006629674473e-05,-0.016155848051213617,HOLD,0.0,0.4975376844406128,False,True
2,36,9.378006629674473e-05,-0.005742375251159615,HOLD,0.0,0.4975376844406128,False,True
2,37,9.378006629674473e-05,-0.03582744940331395,HOLD,0.0,0.4975376844406128,False,True
2,38,9.378006629674473e-05,-0.052138381583091586,HOLD,0.0,0.4975376844406128,False,True
2,39,9.378006629674473e-05,0.043746723946843424,HOLD,0.0,0.4975376844406128,True,True
2,40,9.378006629674473e-05,-0.012111573162944644,HOLD,0.0,0.4975376844406128,False,True
2,41,9.378006629674473e-05,-0.0033905233538025215,HOLD,0.0,0.4975376844406128,False,True
2,42,9.378006629674473e-05,-0.0017676257236898252,HOLD,0.0,0.4975376844406128,False,True
2,43,9.378006629674473e-05,0.003396511654633727,HOLD,0.0,0.4975376844406128,True,True
2,44,9.378006629674473e-05,0.005275629415600669,HOLD,0.0,0.4975376844406128,True,True
2,45,9.378006629674473e-05,0.00939982750284063,HOLD,0.0,0.4975376844406128,True,True
2,46,9.378006629674473e-05,-0.006032594204791408,HOLD,0.0,0.4975376844406128,False,True
2,47,9.378006629674473e-05,-0.004312094001400979,HOLD,0.0,0.4975376844406128,False,True
2,48,9.378006629674473e-05,-0.02211996250657311,HOLD,0.0,0.4975376844406128,False,True
2,49,9.378006629674473e-05,0.007153696761560191,HOLD,0.0,0.4975376844406128,True,True
2,50,9.378006629674473e-05,0.017528813509150254,HOLD,0.0,0.4975376844406128,True,True
2,51,9.378006629674473e-05,-0.014927675756710279,HOLD,0.0,0.4975376844406128,False,True
2,52,9.378006629674473e-05,0.009795996703182652,HOLD,0.0,0.4975376844406128,True,True
2,53,9.378006629674473e-05,0.020768482790137988,HOLD,0.0,0.4975376844406128,True,True
2,54,9.378006629674473e-05,-0.004252498102762736,HOLD,0.0,0.4975376844406128,False,True
2,55,9.378006629674473e-05,-0.004404411524430607,HOLD,0.0,0.4975376844406128,False,True
2,56,9.378006629674473e-05,0.0034717620663791138,HOLD,0.0,0.4975376844406128,True,True
2,57,9.378006629674473e-05,-0.005212173510445339,HOLD,0.0,0.4975376844406128,False,True
2,58,9.378006629674473e-05,-0.004297038973917644,HOLD,0.0,0.4975376844406128,False,True
2,59,9.378006629674473e-05,0.0034927493863250447,HOLD,0.0,0.4975376844406128,True,True
2,60,9.378006629674473e-05,0.006949112556089432,HOLD,0.0,0.4975376844406128,True,True
2,61,9.378006629674473e-05,0.012835108388321359,HOLD,0.0,0.4975376844406128,True,True
2,62,9.378006629674473e-05,-0.006066219314626586,HOLD,0.0,0.4975376844406128,False,True
2,63,9.378006629674473e-05,-0.009435912924211642,HOLD,0.0,0.4975376844406128,False,True
2,64,9.378006629674473e-05,0.0026670238505168697,HOLD,0.0,0.4975376844406128,True,True
2,65,9.378006629674473e-05,-0.01651598468737525,HOLD,0.0,0.4975376844406128,False,True
2,66,9.378006629674473e-05,0.0008120179090109758,HOLD,0.0,0.4975376844406128,True,True
2,67,9.378006629674473e-05,-0.02756809021902562,HOLD,0.0,0.4975376844406128,False,True
2,68,9.378006629674473e-05,-0.07176804000185211,HOLD,0.0,0.4975376844406128,False,True
2,69,9.378006629674473e-05,0.06100246940775822,HOLD,0.0,0.4975376844406128,True,True
2,70,9.378006629674473e-05,-0.03621146981750911,HOLD,0.0,0.4975376844406128,False,True
2,71,9.378006629674473e-05,0.027883381596023327,HOLD,0.0,0.4975376844406128,True,True
2,72,9.378006629674473e-05,-0.01845413932454676,HOLD,0.0,0.4975376844406128,False,True
2,73,9.378006629674473e-05,0.02029510847721916,HOLD,0.0,0.4975376844406128,True,True
2,74,9.378006629674473e-05,0.019058872856259512,HOLD,0.0,0.4975376844406128,True,True
2,75,9.378006629674473e-05,0.007192285499126427,HOLD,0.0,0.4975376844406128,True,True
2,76,9.378006629674473e-05,0.023831726362496752,HOLD,0.0,0.4975376844406128,True,True
2,77,9.378006629674473e-05,0.0060374504179838695,HOLD,0.0,0.4975376844406128,True,True
2,78,9.378006629674473e-05,-0.00873250662409486,HOLD,0.0,0.4975376844406128,False,True
2,79,9.378006629674473e-05,0.0,HOLD,0.0,0.4975376844406128,False,True
2,80,9.378006629674473e-05,0.009668398128999556,HOLD,0.0,0.4975376844406128,True,True
2,81,9.378006629674473e-05,0.006792328171628448,HOLD,0.0,0.4975376844406128,True,True
2,82,9.378006629674473e-05,0.0026511150204155953,HOLD,0.0,0.4975376844406128,True,True
2,83,9.378006629674473e-05,0.0025120658414206076,HOLD,0.0,0.4975376844406128,True,True
2,84,9.378006629674473e-05,-0.01195550903346465,HOLD,0.0,0.4975376844406128,False,True
2,85,9.378006629674473e-05,-0.002676302948970921,HOLD,0.0,0.4975376844406128,False,True
2,86,9.378006629674473e-05,-0.0008042895875925993,HOLD,0.0,0.4975376844406128,False,True
2,87,9.378006629674473e-05,0.0034805925365635204,HOLD,0.0,0.4975376844406128,True,True
2,88,9.378006629674473e-05,0.007721018122288648,HOLD,0.0,0.4975376844406128,True,True
2,89,9.378006629674473e-05,0.006871971010586897,HOLD,0.0,0.4975376844406128,True,True
2,90,9.378006629674473e-05,-0.0017135705768165366,HOLD,0.0,0.4975376844406128,False,True
2,91,9.378006629674473e-05,0.000791243612426662,HOLD,0.0,0.4975376844406128,True,True
2,92,9.378006629674473e-05,0.017768954575338114,HOLD,0.0,0.4975376844406128,True,True
2,93,9.378006629674473e-05,0.014144507386164129,HOLD,0.0,0.4975376844406128,True,True
2,94,9.378006629674473e-05,0.018093743442698873,HOLD,0.0,0.4975376844406128,True,True
2,95,9.378006629674473e-05,0.012089634380400227,HOLD,0.0,0.4975376844406128,True,True
2,96,9.378006629674473e-05,0.002351049774394376,HOLD,0.0,0.4975376844406128,True,True
2,97,9.378006629674473e-05,0.008001519886506436,HOLD,0.0,0.4975376844406128,True,True
2,98,9.378006629674473e-05,-0.014449155366385469,HOLD,0.0,0.4975376844406128,False,True
2,99,9.378006629674473e-05,-0.0032394745498898203,HOLD,0.0,0.4975376844406128,False,True
2,100,9.378006629674473e-05,0.007336060255374477,HOLD,0.0,0.4975376844406128,True,True
2,101,9.378006629674473e-05,-0.007336060255374477,HOLD,0.0,0.4975376844406128,False,True
2,102,9.378006629674473e-05,0.0032394745498898203,HOLD,0.0,0.4975376844406128,True,True
2,103,9.378006629674473e-05,0.004839619795397709,HOLD,0.0,0.4975376844406128,True,True
2,104,9.378006629674473e-05,-0.004839619795397709,HOLD,0.0,0.4975376844406128,False,True
2,105,9.378006629674473e-05,0.002484781996551,HOLD,0.0,0.4975376844406128,True,True
2,106,9.378006629674473e-05,0.015147140164832429,HOLD,0.0,0.4975376844406128,True,True
2,107,9.378006629674473e-05,0.028791966540648417,HOLD,0.0,0.4975376844406128,True,True
2,108,9.378006629674473e-05,-0.003807262183697979,HOLD,0.0,0.4975376844406128,False,True
2,109,9.378006629674473e-05,-0.0031041094647683565,HOLD,0.0,0.4975376844406128,False,True
2,110,9.378006629674473e-05,-0.014816870478008504,HOLD,0.0,0.4975376844406128,False,True
2,111,9.378006629674473e-05,0.003150372168160054,HOLD,0.0,0.4975376844406128,True,True
2,112,9.378006629674473e-05,0.004707026975717454,HOLD,0.0,0.4975376844406128,True,True
2,113,9.378006629674473e-05,0.03687925319237184,HOLD,0.0,0.4975376844406128,True,True
2,114,9.378006629674473e-05,-0.0027890779265433707,HOLD,0.0,0.4975376844406128,False,True
2,115,9.378006629674473e-05,0.003717044586337259,HOLD,0.0,0.4975376844406128,True,True
2,116,9.378006629674473e-05,-0.012013907839703464,HOLD,0.0,0.4975376844406128,False,True
2,117,9.378006629674473e-05,-0.006474800417580084,HOLD,0.0,0.4975376844406128,False,True
2,118,9.378006629674473e-05,-0.002838558972777072,HOLD,0.0,0.4975376844406128,False,True
2,119,9.378006629674473e-05,0.009313359390357157,HOLD,0.0,0.4975376844406128,True,True
2,120,9.378006629674473e-05,-0.01026133907978899,HOLD,0.0,0.4975376844406128,False,True
2,121,9.378006629674473e-05,-0.0017798877436954186,HOLD,0.0,0.4975376844406128,False,True
2,122,9.378006629674473e-05,0.0027278674331272512,HOLD,0.0,0.4975376844406128,True,True
2,123,9.378006629674473e-05,0.0009470818749823806,HOLD,0.0,0.4975376844406128,True,True
2,124,9.378006629674473e-05,0.0028358757041688776,HOLD,0.0,0.4975376844406128,True,True
2,125,9.378006629674473e-05,0.0009435075590831232,HOLD,0.0,0.4975376844406128,True,True
2,126,9.378006629674473e-05,-0.0009435075590831232,HOLD,0.0,0.4975376844406128,False,True
2,127,9.378006629674473e-05,0.0027101884261053755,HOLD,0.0,0.4975376844406128,True,True
2,128,9.378006629674473e-05,-0.013982927198628481,HOLD,0.0,0.4975376844406128,False,True
2,129,9.378006629674473e-05,0.0019074874643951745,HOLD,0.0,0.4975376844406128,True,True
2,130,9.378006629674473e-05,0.0028544262958494215,HOLD,0.0,0.4975376844406128,True,True
2,131,9.378006629674473e-05,0.030411700418023102,HOLD,0.0,0.4975376844406128,True,True
2,132,9.378006629674473e-05,0.004483023773419248,HOLD,0.0,0.4975376844406128,True,True
2,133,9.378006629674473e-05,-0.008176472108771371,HOLD,0.0,0.4975376844406128,False,True
2,134,9.378006629674473e-05,-0.02020742707039247,HOLD,0.0,0.4975376844406128,False,True
2,135,9.378006629674473e-05,-0.004730937268583091,HOLD,0.0,0.4975376844406128,False,True
2,136,9.378006629674473e-05,0.01026133907978899,HOLD,0.0,0.4975376844406128,True,True
2,137,9.378006629674473e-05,-0.0036442760604940005,HOLD,0.0,0.4975376844406128,False,True
2,138,9.378006629674473e-05,0.0008240626753934777,HOLD,0.0,0.4975376844406128,True,True
2,139,9.378006629674473e-05,0.002820213385100523,HOLD,0.0,0.4975376844406128,True,True
2,140,9.378006629674473e-05,0.007365439271718621,HOLD,0.0,0.4975376844406128,True,True
2,141,9.378006629674473e-05,0.0,HOLD,0.0,0.4975376844406128,False,True
2,142,9.378006629674473e-05,0.0,HOLD,0.0,0.4975376844406128,False,True
2,143,9.378006629674473e-05,-0.011952333523841396,HOLD,0.0,0.4975376844406128,False,True
2,144,9.378006629674473e-05,0.0,HOLD,0.0,0.4975376844406128,False,True
2,145,9.378006629674473e-05,-0.004726465138234381,HOLD,0.0,0.4975376844406128,False,True
2,146,9.378006629674473e-05,0.003782957579151258,HOLD,0.0,0.4975376844406128,True,True
2,147,9.378006629674473e-05,-0.0028358757041688776,HOLD,0.0,0.4975376844406128,False,True
2,148,9.378006629674473e-05,0.004722001454880775,HOLD,0.0,0.4975376844406128,True,True
2,149,9.378006629674473e-05,0.016585290236159622,HOLD,0.0,0.4975376844406128,True,True
2,150,9.378006629674473e-05,0.0026606528507402416,HOLD,0.0,0.4975376844406128,True,True
2,151,9.378006629674473e-05,0.010915257449568116,HOLD,0.0,0.4975376844406128,True,True
2,152,9.378006629674473e-05,-0.002746311372519905,HOLD,0.0,0.4975376844406128,False,True
2,153,9.378006629674473e-05,-0.009093587844267503,HOLD,0.0,0.4975376844406128,False,True
2,154,9.378006629674473e-05,0.008176472108771371,HOLD,0.0,0.4975376844406128,True,True
2,155,9.378006629674473e-05,-0.00540510774838765,HOLD,0.0,0.4975376844406128,False,True
2,156,9.378006629674473e-05,-0.0009229349986012991,HOLD,0.0,0.4975376844406128,False,True
2,157,9.378006629674473e-05,-0.014649721362919088,HOLD,0.0,0.4975376844406128,False,True
2,158,9.378006629674473e-05,0.013725933768355958,HOLD,0.0,0.4975376844406128,True,True
2,159,9.378006629674473e-05,-0.006374246534783801,HOLD,0.0,0.4975376844406128,False,True
2,160,9.378006629674473e-05,0.004639841289919566,HOLD,0.0,0.4975376844406128,True,True
2,161,9.378006629674473e-05,-0.004639841289919566,HOLD,0.0,0.4975376844406128,False,True
2,162,9.378006629674473e-05,0.009143053102916632,HOLD,0.0,0.4975376844406128,True,True
2,163,9.378006629674473e-05,-0.007284532414629119,HOLD,0.0,0.4975376844406128,False,True
2,164,9.378006629674473e-05,0.004515725846496288,HOLD,0.0,0.4975376844406128,True,True
2,165,9.378006629674473e-05,0.020807884604422178,HOLD,0.0,0.4975376844406128,True,True
2,166,9.378006629674473e-05,0.005303854898066618,HOLD,0.0,0.4975376844406128,True,True
2,167,9.378006629674473e-05,0.007065582021268391,HOLD,0.0,0.4975376844406128,True,True
2,168,9.378006629674473e-05,-0.01952327427595346,HOLD,0.0,0.4975376844406128,False,True
2,169,9.378006629674473e-05,0.0035265379816324938,HOLD,0.0,0.4975376844406128,True,True
2,170,9.378006629674473e-05,-0.010731921702903158,HOLD,0.0,0.4975376844406128,False,True
2,171,9.378006629674473e-05,0.0,HOLD,0.0,0.4975376844406128,False,True
2,172,9.378006629674473e-05,0.005380357550293091,HOLD,0.0,0.4975376844406128,True,True
2,173,9.378006629674473e-05,-0.009982298483661722,HOLD,0.0,0.4975376844406128,False,True
2,174,9.378006629674473e-05,0.002763705121617832,HOLD,0.0,0.4975376844406128,True,True
2,175,9.378006629674473e-05,-0.013778947810624054,HOLD,0.0,0.4975376844406128,False,True
2,176,9.378006629674473e-05,0.0027942735610579916,HOLD,0.0,0.4975376844406128,True,True
2,177,9.378006629674473e-05,-0.0027942735610579916,HOLD,0.0,0.4975376844406128,False,True
2,178,9.378006629674473e-05,0.004652794249345504,HOLD,0.0,0.4975376844406128,True,True
2,179,9.378006629674473e-05,-0.003720501908190954,HOLD,0.0,0.4975376844406128,False,True
2,180,9.378006629674473e-05,0.0,HOLD,0.0,0.4975376844406128,False,True
2,181,9.378006629674473e-05,0.0046484685679848425,HOLD,0.0,0.4975376844406128,True,True
2,182,9.378006629674473e-05,0.022696985322544272,HOLD,0.0,0.4975376844406128,True,True
2,183,9.378006629674473e-05,-0.008994197365730372,HOLD,0.0,0.4975376844406128,False,True
2,184,9.378006629674473e-05,0.005474466227082253,HOLD,0.0,0.4975376844406128,True,True
2,185,9.378006629674473e-05,0.014341615582750045,HOLD,0.0,0.4975376844406128,True,True
2,186,9.378006629674473e-05,0.03427521583069115,HOLD,0.0,0.4975376844406128,True,True
2,187,9.378006629674473e-05,0.003352985673370945,HOLD,0.0,0.4975376844406128,True,True
2,188,9.378006629674473e-05,-0.01556155239688195,HOLD,0.0,0.4975376844406128,False,True
2,189,9.378006629674473e-05,-0.012248428989644289,HOLD,0.0,0.4975376844406128,False,True
2,190,9.378006629674473e-05,0.006970211325439735,HOLD,0.0,0.4975376844406128,True,True
2,191,9.378006629674473e-05,-0.005306225140841114,HOLD,0.0,0.4975376844406128,False,True
2,192,9.378006629674473e-05,-0.05058183697792007,HOLD,0.0,0.4975376844406128,False,True
2,0,9.964301304232019e-05,0.0051137239683543,HOLD,0.0,0.49776172637939453,True,True
2,1,9.964301304232019e-05,0.01028252366092719,HOLD,0.0,0.49776172637939453,True,True
2,2,9.964301304232019e-05,0.011754741436669214,HOLD,0.0,0.49776172637939453,True,True
2,3,9.964301304232019e-05,0.029752550298296043,HOLD,0.0,0.49776172637939453,True,True
2,4,9.964301304232019e-05,0.01781137214789119,HOLD,0.0,0.49776172637939453,True,True
2,5,9.964301304232019e-05,-0.016155848051213617,HOLD,0.0,0.49776172637939453,False,True
2,6,9.964301304232019e-05,-0.005742375251159615,HOLD,0.0,0.49776172637939453,False,True
2,7,9.964301304232019e-05,-0.03582744940331395,HOLD,0.0,0.49776172637939453,False,True
2,8,9.964301304232019e-05,-0.052138381583091586,HOLD,0.0,0.49776172637939453,False,True
2,9,9.964301304232019e-05,0.043746723946843424,HOLD,0.0,0.49776172637939453,True,True
2,10,9.964301304232019e-05,-0.012111573162944644,HOLD,0.0,0.49776172637939453,False,True
2,11,9.964301304232019e-05,-0.0033905233538025215,HOLD,0.0,0.49776172637939453,False,True
2,12,9.964301304232019e-05,-0.0017676257236898252,HOLD,0.0,0.49776172637939453,False,True
2,13,9.964301304232019e-05,0.003396511654633727,HOLD,0.0,0.49776172637939453,True,True
2,14,9.964301304232019e-05,0.005275629415600669,HOLD,0.0,0.49776172637939453,True,True
2,15,9.964301304232019e-05,0.00939982750284063,HOLD,0.0,0.49776172637939453,True,True
2,16,9.964301304232019e-05,-0.006032594204791408,HOLD,0.0,0.49776172637939453,False,True
2,17,9.964301304232019e-05,-0.004312094001400979,HOLD,0.0,0.49776172637939453,False,True
2,18,9.964301304232019e-05,-0.02211996250657311,HOLD,0.0,0.49776172637939453,False,True
2,19,9.964301304232019e-05,0.007153696761560191,HOLD,0.0,0.49776172637939453,True,True
2,20,9.964301304232019e-05,0.017528813509150254,HOLD,0.0,0.49776172637939453,True,True
2,21,9.964301304232019e-05,-0.014927675756710279,HOLD,0.0,0.49776172637939453,False,True
2,22,9.964301304232019e-05,0.009795996703182652,HOLD,0.0,0.49776172637939453,True,True
2,23,9.964301304232019e-05,0.020768482790137988,HOLD,0.0,0.49776172637939453,True,True
2,24,9.964301304232019e-05,-0.004252498102762736,HOLD,0.0,0.49776172637939453,False,True
2,25,9.964301304232019e-05,-0.004404411524430607,HOLD,0.0,0.49776172637939453,False,True
2,26,9.964301304232019e-05,0.0034717620663791138,HOLD,0.0,0.49776172637939453,True,True
2,27,9.964301304232019e-05,-0.005212173510445339,HOLD,0.0,0.49776172637939453,False,True
2,28,9.964301304232019e-05,-0.004297038973917644,HOLD,0.0,0.49776172637939453,False,True
2,29,9.964301304232019e-05,0.0034927493863250447,HOLD,0.0,0.49776172637939453,True,True
2,30,9.964301304232019e-05,0.006949112556089432,HOLD,0.0,0.49776172637939453,True,True
2,31,9.964301304232019e-05,0.012835108388321359,HOLD,0.0,0.49776172637939453,True,True
2,32,9.964301304232019e-05,-0.006066219314626586,HOLD,0.0,0.49776172637939453,False,True
2,33,9.964301304232019e-05,-0.009435912924211642,HOLD,0.0,0.49776172637939453,False,True
2,34,9.964301304232019e-05,0.0026670238505168697,HOLD,0.0,0.49776172637939453,True,True
2,35,9.964301304232019e-05,-0.01651598468737525,HOLD,0.0,0.49776172637939453,False,True
2,36,9.964301304232019e-05,0.0008120179090109758,HOLD,0.0,0.49776172637939453,True,True
2,37,9.964301304232019e-05,-0.02756809021902562,HOLD,0.0,0.49776172637939453,False,True
2,38,9.964301304232019e-05,-0.07176804000185211,HOLD,0.0,0.49776172637939453,False,True
2,39,9.964301304232019e-05,0.06100246940775822,HOLD,0.0,0.49776172637939453,True,True
2,40,9.964301304232019e-05,-0.03621146981750911,HOLD,0.0,0.49776172637939453,False,True
2,41,9.964301304232019e-05,0.027883381596023327,HOLD,0.0,0.49776172637939453,True,True
2,42,9.964301304232019e-05,-0.01845413932454676,HOLD,0.0,0.49776172637939453,False,True
2,43,9.964301304232019e-05,0.02029510847721916,HOLD,0.0,0.49776172637939453,True,True
2,44,9.964301304232019e-05,0.019058872856259512,HOLD,0.0,0.49776172637939453,True,True
2,45,9.964301304232019e-05,0.007192285499126427,HOLD,0.0,0.49776172637939453,True,True
2,46,9.964301304232019e-05,0.023831726362496752,HOLD,0.0,0.49776172637939453,True,True
2,47,9.964301304232019e-05,0.0060374504179838695,HOLD,0.0,0.49776172637939453,True,True
2,48,9.964301304232019e-05,-0.00873250662409486,HOLD,0.0,0.49776172637939453,False,True
2,49,9.964301304232019e-05,0.0,HOLD,0.0,0.49776172637939453,False,True
2,50,9.964301304232019e-05,0.009668398128999556,HOLD,0.0,0.49776172637939453,True,True
2,51,9.964301304232019e-05,0.006792328171628448,HOLD,0.0,0.49776172637939453,True,True
2,52,9.964301304232019e-05,0.0026511150204155953,HOLD,0.0,0.49776172637939453,True,True
2,53,9.964301304232019e-05,0.0025120658414206076,HOLD,0.0,0.49776172637939453,True,True
2,54,9.964301304232019e-05,-0.01195550903346465,HOLD,0.0,0.49776172637939453,False,True
2,55,9.964301304232019e-05,-0.002676302948970921,HOLD,0.0,0.49776172637939453,False,True
2,56,9.964301304232019e-05,-0.0008042895875925993,HOLD,0.0,0.49776172637939453,False,True
2,57,9.964301304232019e-05,0.0034805925365635204,HOLD,0.0,0.49776172637939453,True,True
2,58,9.964301304232019e-05,0.007721018122288648,HOLD,0.0,0.49776172637939453,True,True
2,59,9.964301304232019e-05,0.006871971010586897,HOLD,0.0,0.49776172637939453,True,True
2,60,9.964301304232019e-05,-0.0017135705768165366,HOLD,0.0,0.49776172637939453,False,True
2,61,9.964301304232019e-05,0.000791243612426662,HOLD,0.0,0.49776172637939453,True,True
2,62,9.964301304232019e-05,0.017768954575338114,HOLD,0.0,0.49776172637939453,True,True
2,63,9.964301304232019e-05,0.014144507386164129,HOLD,0.0,0.49776172637939453,True,True
2,64,9.964301304232019e-05,0.018093743442698873,HOLD,0.0,0.49776172637939453,True,True
2,65,9.964301304232019e-05,0.012089634380400227,HOLD,0.0,0.49776172637939453,True,True
2,66,9.964301304232019e-05,0.002351049774394376,HOLD,0.0,0.49776172637939453,True,True
2,67,9.964301304232019e-05,0.008001519886506436,HOLD,0.0,0.49776172637939453,True,True
2,68,9.964301304232019e-05,-0.014449155366385469,HOLD,0.0,0.49776172637939453,False,True
2,69,9.964301304232019e-05,-0.0032394745498898203,HOLD,0.0,0.49776172637939453,False,True
2,70,9.964301304232019e-05,0.007336060255374477,HOLD,0.0,0.49776172637939453,True,True
2,71,9.964301304232019e-05,-0.007336060255374477,HOLD,0.0,0.49776172637939453,False,True
2,72,9.964301304232019e-05,0.0032394745498898203,HOLD,0.0,0.49776172637939453,True,True
2,73,9.964301304232019e-05,0.004839619795397709,HOLD,0.0,0.49776172637939453,True,True
2,74,9.964301304232019e-05,-0.004839619795397709,HOLD,0.0,0.49776172637939453,False,True
2,75,9.964301304232019e-05,0.002484781996551,HOLD,0.0,0.49776172637939453,True,True
2,76,9.964301304232019e-05,0.015147140164832429,HOLD,0.0,0.49776172637939453,True,True
2,77,9.964301304232019e-05,0.028791966540648417,HOLD,0.0,0.49776172637939453,True,True
2,78,9.964301304232019e-05,-0.003807262183697979,HOLD,0.0,0.49776172637939453,False,True
2,79,9.964301304232019e-05,-0.0031041094647683565,HOLD,0.0,0.49776172637939453,False,True
2,80,9.964301304232019e-05,-0.014816870478008504,HOLD,0.0,0.49776172637939453,False,True
2,81,9.964301304232019e-05,0.003150372168160054,HOLD,0.0,0.49776172637939453,True,True
2,82,9.964301304232019e-05,0.004707026975717454,HOLD,0.0,0.49776172637939453,True,True
2,83,9.964301304232019e-05,0.03687925319237184,HOLD,0.0,0.49776172637939453,True,True
2,84,9.964301304232019e-05,-0.0027890779265433707,HOLD,0.0,0.49776172637939453,False,True
2,85,9.964301304232019e-05,0.003717044586337259,HOLD,0.0,0.49776172637939453,True,True
2,86,9.964301304232019e-05,-0.012013907839703464,HOLD,0.0,0.49776172637939453,False,True
2,87,9.964301304232019e-05,-0.006474800417580084,HOLD,0.0,0.49776172637939453,False,True
2,88,9.964301304232019e-05,-0.002838558972777072,HOLD,0.0,0.49776172637939453,False,True
2,89,9.964301304232019e-05,0.009313359390357157,HOLD,0.0,0.49776172637939453,True,True
2,90,9.964301304232019e-05,-0.01026133907978899,HOLD,0.0,0.49776172637939453,False,True
2,91,9.964301304232019e-05,-0.0017798877436954186,HOLD,0.0,0.49776172637939453,False,True
2,92,9.964301304232019e-05,0.0027278674331272512,HOLD,0.0,0.49776172637939453,True,True
2,93,9.964301304232019e-05,0.0009470818749823806,HOLD,0.0,0.49776172637939453,True,True
2,94,9.964301304232019e-05,0.0028358757041688776,HOLD,0.0,0.49776172637939453,True,True
2,95,9.964301304232019e-05,0.0009435075590831232,HOLD,0.0,0.49776172637939453,True,True
2,96,9.964301304232019e-05,-0.0009435075590831232,HOLD,0.0,0.49776172637939453,False,True
2,97,9.964301304232019e-05,0.0027101884261053755,HOLD,0.0,0.49776172637939453,True,True
2,98,9.964301304232019e-05,-0.013982927198628481,HOLD,0.0,0.49776172637939453,False,True
2,99,9.964301304232019e-05,0.0019074874643951745,HOLD,0.0,0.49776172637939453,True,True
2,100,9.964301304232019e-05,0.0028544262958494215,HOLD,0.0,0.49776172637939453,True,True
2,101,9.964301304232019e-05,0.030411700418023102,HOLD,0.0,0.49776172637939453,True,True
2,102,9.964301304232019e-05,0.004483023773419248,HOLD,0.0,0.49776172637939453,True,True
2,103,9.964301304232019e-05,-0.008176472108771371,HOLD,0.0,0.49776172637939453,False,True
2,104,9.964301304232019e-05,-0.02020742707039247,HOLD,0.0,0.49776172637939453,False,True
2,105,9.964301304232019e-05,-0.004730937268583091,HOLD,0.0,0.49776172637939453,False,True
2,106,9.964301304232019e-05,0.01026133907978899,HOLD,0.0,0.49776172637939453,True,True
2,107,9.964301304232019e-05,-0.0036442760604940005,HOLD,0.0,0.49776172637939453,False,True
2,108,9.964301304232019e-05,0.0008240626753934777,HOLD,0.0,0.49776172637939453,True,True
2,109,9.964301304232019e-05,0.002820213385100523,HOLD,0.0,0.49776172637939453,True,True
2,110,9.964301304232019e-05,0.007365439271718621,HOLD,0.0,0.49776172637939453,True,True
2,111,9.964301304232019e-05,0.0,HOLD,0.0,0.49776172637939453,False,True
2,112,9.964301304232019e-05,0.0,HOLD,0.0,0.49776172637939453,False,True
2,113,9.964301304232019e-05,-0.011952333523841396,HOLD,0.0,0.49776172637939453,False,True
2,114,9.964301304232019e-05,0.0,HOLD,0.0,0.49776172637939453,False,True
2,115,9.964301304232019e-05,-0.004726465138234381,HOLD,0.0,0.49776172637939453,False,True
2,116,9.964301304232019e-05,0.003782957579151258,HOLD,0.0,0.49776172637939453,True,True
2,117,9.964301304232019e-05,-0.0028358757041688776,HOLD,0.0,0.49776172637939453,False,True
2,118,9.964301304232019e-05,0.004722001454880775,HOLD,0.0,0.49776172637939453,True,True
2,119,9.964301304232019e-05,0.016585290236159622,HOLD,0.0,0.49776172637939453,True,True
2,120,9.964301304232019e-05,0.0026606528507402416,HOLD,0.0,0.49776172637939453,True,True
2,121,9.964301304232019e-05,0.010915257449568116,HOLD,0.0,0.49776172637939453,True,True
2,122,9.964301304232019e-05,-0.002746311372519905,HOLD,0.0,0.49776172637939453,False,True
2,123,9.964301304232019e-05,-0.009093587844267503,HOLD,0.0,0.49776172637939453,False,True
2,124,9.964301304232019e-05,0.008176472108771371,HOLD,0.0,0.49776172637939453,True,True
2,125,9.964301304232019e-05,-0.00540510774838765,HOLD,0.0,0.49776172637939453,False,True
2,126,9.964301304232019e-05,-0.0009229349986012991,HOLD,0.0,0.49776172637939453,False,True
2,127,9.964301304232019e-05,-0.014649721362919088,HOLD,0.0,0.49776172637939453,False,True
2,128,9.964301304232019e-05,0.013725933768355958,HOLD,0.0,0.49776172637939453,True,True
2,129,9.964301304232019e-05,-0.006374246534783801,HOLD,0.0,0.49776172637939453,False,True
2,130,9.964301304232019e-05,0.004639841289919566,HOLD,0.0,0.49776172637939453,True,True
2,131,9.964301304232019e-05,-0.004639841289919566,HOLD,0.0,0.49776172637939453,False,True
2,132,9.964301304232019e-05,0.009143053102916632,HOLD,0.0,0.49776172637939453,True,True
2,133,9.964301304232019e-05,-0.007284532414629119,HOLD,0.0,0.49776172637939453,False,True
2,134,9.964301304232019e-05,0.004515725846496288,HOLD,0.0,0.49776172637939453,True,True
2,135,9.964301304232019e-05,0.020807884604422178,HOLD,0.0,0.49776172637939453,True,True
2,136,9.964301304232019e-05,0.005303854898066618,HOLD,0.0,0.49776172637939453,True,True
2,137,9.964301304232019e-05,0.007065582021268391,HOLD,0.0,0.49776172637939453,True,True
2,138,9.964301304232019e-05,-0.01952327427595346,HOLD,0.0,0.49776172637939453,False,True
2,139,9.964301304232019e-05,0.0035265379816324938,HOLD,0.0,0.49776172637939453,True,True
2,140,9.964301304232019e-05,-0.010731921702903158,HOLD,0.0,0.49776172637939453,False,True
2,141,9.964301304232019e-05,0.0,HOLD,0.0,0.49776172637939453,False,True
2,142,9.964301304232019e-05,0.005380357550293091,HOLD,0.0,0.49776172637939453,True,True
2,143,9.964301304232019e-05,-0.009982298483661722,HOLD,0.0,0.49776172637939453,False,True
2,144,9.964301304232019e-05,0.002763705121617832,HOLD,0.0,0.49776172637939453,True,True
2,145,9.964301304232019e-05,-0.013778947810624054,HOLD,0.0,0.49776172637939453,False,True
2,146,9.964301304232019e-05,0.0027942735610579916,HOLD,0.0,0.49776172637939453,True,True
2,147,9.964301304232019e-05,-0.0027942735610579916,HOLD,0.0,0.49776172637939453,False,True
2,148,9.964301304232019e-05,0.004652794249345504,HOLD,0.0,0.49776172637939453,True,True
2,149,9.964301304232019e-05,-0.003720501908190954,HOLD,0.0,0.49776172637939453,False,True
2,150,9.964301304232019e-05,0.0,HOLD,0.0,0.49776172637939453,False,True
2,151,9.964301304232019e-05,0.0046484685679848425,HOLD,0.0,0.49776172637939453,True,True
2,152,9.964301304232019e-05,0.022696985322544272,HOLD,0.0,0.49776172637939453,True,True
2,153,9.964301304232019e-05,-0.008994197365730372,HOLD,0.0,0.49776172637939453,False,True
2,154,9.964301304232019e-05,0.005474466227082253,HOLD,0.0,0.49776172637939453,True,True
2,155,9.964301304232019e-05,0.014341615582750045,HOLD,0.0,0.49776172637939453,True,True
2,156,9.964301304232019e-05,0.03427521583069115,HOLD,0.0,0.49776172637939453,True,True
2,157,9.964301304232019e-05,0.003352985673370945,HOLD,0.0,0.49776172637939453,True,True
2,158,9.964301304232019e-05,-0.01556155239688195,HOLD,0.0,0.49776172637939453,False,True
2,159,9.964301304232019e-05,-0.012248428989644289,HOLD,0.0,0.49776172637939453,False,True
2,160,9.964301304232019e-05,0.006970211325439735,HOLD,0.0,0.49776172637939453,True,True
2,161,9.964301304232019e-05,-0.005306225140841114,HOLD,0.0,0.49776172637939453,False,True
2,162,9.964301304232019e-05,-0.05058183697792007,HOLD,0.0,0.49776172637939453,False,True
3,0,0.0005217507447620543,0.03277717748058606,HOLD,0.0,0.4916171133518219,True,True
3,1,0.0005217507447620543,-0.01323848254750537,HOLD,0.0,0.4916171133518219,False,True
3,2,0.0005217507447620543,0.015259706075439361,HOLD,0.0,0.4916171133518219,True,True
3,3,0.0005217507447620543,-0.0358442894552784,HOLD,0.0,0.4916171133518219,False,True
3,4,0.0005217507447620543,-0.0031442446970455507,HOLD,0.0,0.4916171133518219,False,True
3,5,0.0005217507447620543,-0.02108411988501402,HOLD,0.0,0.4916171133518219,False,True
3,6,0.0005217507447620543,-0.0021464993484414663,HOLD,0.0,0.4916171133518219,False,True
3,7,0.0005217507447620543,-0.02062488306403676,HOLD,0.0,0.4916171133518219,False,True
3,8,0.0005217507447620543,0.00437757197013422,HOLD,0.0,0.4916171133518219,True,True
3,9,0.0005217507447620543,-0.026417413427823,HOLD,0.0,0.4916171133518219,False,True
3,10,0.0005217507447620543,-0.029441079668665715,HOLD,0.0,0.4916171133518219,False,True
3,11,0.0005217507447620543,0.06671931123128694,HOLD,0.0,0.4916171133518219,True,True
3,12,0.0005217507447620543,-0.019497515867390014,HOLD,0.0,0.4916171133518219,False,True
3,13,0.0005217507447620543,0.006450307137656708,HOLD,0.0,0.4916171133518219,True,True
3,14,0.0005217507447620543,-0.014190497819383197,HOLD,0.0,0.4916171133518219,False,True
3,15,0.0005217507447620543,-0.01116238742257103,HOLD,0.0,0.4916171133518219,False,True
3,16,0.0005217507447620543,-0.026012411161683957,HOLD,0.0,0.4916171133518219,False,True
3,17,0.0005217507447620543,-0.002306806097915448,HOLD,0.0,0.4916171133518219,False,True
3,18,0.0005217507447620543,0.005757068290067835,HOLD,0.0,0.4916171133518219,True,True
3,19,0.0005217507447620543,0.005724114083888843,HOLD,0.0,0.4916171133518219,True,True
3,20,0.0005217507447620543,0.013464876381582336,HOLD,0.0,0.4916171133518219,True,True
3,21,0.0005217507447620543,0.02227573660835791,HOLD,0.0,0.4916171133518219,True,True
3,22,0.0005217507447620543,-0.007740190681726489,HOLD,0.0,0.4916171133518219,False,True
3,23,0.0005217507447620543,0.005534814184840364,HOLD,0.0,0.4916171133518219,True,True
3,24,0.0005217507447620543,-0.005534814184840364,HOLD,0.0,0.4916171133518219,False,True
3,25,0.0005217507447620543,0.006638110393846652,HOLD,0.0,0.4916171133518219,True,True
3,26,0.0005217507447620543,-0.006638110393846652,HOLD,0.0,0.4916171133518219,False,True
3,27,0.0005217507447620543,-0.006682469528255908,HOLD,0.0,0.4916171133518219,False,True
3,28,0.0005217507447620543,-0.0056030402923124,HOLD,0.0,0.4916171133518219,False,True
3,29,0.0005217507447620543,0.008949856970928316,HOLD,0.0,0.4916171133518219,True,True
3,30,0.0005217507447620543,-0.007826734572931038,HOLD,0.0,0.4916171133518219,False,True
3,31,0.0005217507447620543,0.011301131786303209,HOLD,0.0,0.4916171133518219,True,True
3,32,0.0005217507447620543,0.0033241027838393222,HOLD,0.0,0.4916171133518219,True,True
3,33,0.0005217507447620543,-0.006659292089977065,HOLD,0.0,0.4916171133518219,False,True
3,34,0.0005217507447620543,0.03420774087516154,HOLD,0.0,0.4916171133518219,True,True
3,35,0.0005217507447620543,-0.002154592807660727,HOLD,0.0,0.4916171133518219,False,True
3,36,0.0005217507447620543,0.005377802689229938,HOLD,0.0,0.4916171133518219,True,True
3,37,0.0005217507447620543,0.004281515772499134,HOLD,0.0,0.4916171133518219,True,True
3,38,0.0005217507447620543,-0.011953671313799319,HOLD,0.0,0.4916171133518219,False,True
3,39,0.0005217507447620543,-0.008685086483471771,HOLD,0.0,0.4916171133518219,False,True
3,40,0.0005217507447620543,0.012057316023031284,HOLD,0.0,0.4916171133518219,True,True
3,41,0.0005217507447620543,-0.016428310552226044,HOLD,0.0,0.4916171133518219,False,True
3,42,0.0005217507447620543,0.0,HOLD,0.0,0.4916171133518219,False,True
3,43,0.0005217507447620543,-0.0067303323898268985,HOLD,0.0,0.4916171133518219,False,True
3,44,0.0005217507447620543,-0.014576505746576984,HOLD,0.0,0.4916171133518219,False,True
3,45,0.0005217507447620543,0.011263416023616912,HOLD,0.0,0.4916171133518219,True,True
3,46,0.0005217507447620543,-0.00554632592055615,HOLD,0.0,0.4916171133518219,False,True
3,47,0.0005217507447620543,0.01996074256253788,HOLD,0.0,0.4916171133518219,True,True
3,48,0.0005217507447620543,-0.006563677331781648,HOLD,0.0,0.4916171133518219,False,True
3,49,0.0005217507447620543,0.005472718543637178,HOLD,0.0,0.4916171133518219,True,True
3,50,0.0005217507447620543,-0.008908439644720545,HOLD,0.0,0.4916171133518219,False,True
3,51,0.0005217507447620543,-0.009961344129672867,HOLD,0.0,0.4916171133518219,False,True
3,52,0.0005217507447620543,-0.025061145451332756,HOLD,0.0,0.4916171133518219,False,True
3,53,0.0005217507447620543,0.031713054679638475,HOLD,0.0,0.4916171133518219,True,True
3,54,0.0005217507447620543,-0.0157308178778921,HOLD,0.0,0.4916171133518219,False,True
3,55,0.0005217507447620543,-0.015982236801746375,HOLD,0.0,0.4916171133518219,False,True
3,56,0.0005217507447620543,-0.008016074988236532,HOLD,0.0,0.4916171133518219,False,True
3,57,0.0005217507447620543,-0.023410738365249095,HOLD,0.0,0.4916171133518219,False,True
3,58,0.0005217507447620543,0.008205174239185098,HOLD,0.0,0.4916171133518219,True,True
3,59,0.0005217507447620543,0.0023320226280585388,HOLD,0.0,0.4916171133518219,True,True
3,60,0.0005217507447620543,0.00826391074848587,HOLD,0.0,0.4916171133518219,True,True
3,61,0.0005217507447620543,-0.010595933376544409,HOLD,0.0,0.4916171133518219,False,True
3,62,0.0005217507447620543,0.010595933376544409,HOLD,0.0,0.4916171133518219,True,True
3,63,0.0005217507447620543,-0.007099935642531641,HOLD,0.0,0.4916171133518219,False,True
3,64,0.0005217507447620543,0.017441883607797415,HOLD,0.0,0.4916171133518219,True,True
3,65,0.0005217507447620543,0.009245496481288917,HOLD,0.0,0.4916171133518219,True,True
3,66,0.0005217507447620543,0.014756785245843673,HOLD,0.0,0.4916171133518219,True,True
3,67,0.0005217507447620543,-0.015890090367851606,HOLD,0.0,0.4916171133518219,False,True
3,68,0.0005217507447620543,-0.0069696605294824465,HOLD,0.0,0.4916171133518219,False,True
3,69,0.0005217507447620543,-0.0011425308297985382,HOLD,0.0,0.4916171133518219,False,True
3,70,0.0005217507447620543,-0.008034476505901722,HOLD,0.0,0.4916171133518219,False,True
3,71,0.0005217507447620543,0.004599030813865035,HOLD,0.0,0.4916171133518219,True,True
3,72,0.0005217507447620543,0.006859129492780447,HOLD,0.0,0.4916171133518219,True,True
3,73,0.0005217507447620543,0.0,HOLD,0.0,0.4916171133518219,False,True
3,74,0.0005217507447620543,-0.005712669063395737,HOLD,0.0,0.4916171133518219,False,True
3,75,0.0005217507447620543,0.006993534534180057,HOLD,0.0,0.4916171133518219,True,True
3,76,0.0005217507447620543,0.005672969405079442,HOLD,0.0,0.4916171133518219,True,True
3,77,0.0005217507447620543,0.019189607683932408,HOLD,0.0,0.4916171133518219,True,True
3,78,0.0005217507447620543,0.016647560637676584,HOLD,0.0,0.4916171133518219,True,True
3,79,0.0005217507447620543,-0.004375776160229883,HOLD,0.0,0.4916171133518219,False,True
3,80,0.0005217507447620543,-0.006737736042804698,HOLD,0.0,0.4916171133518219,False,True
3,81,0.0005217507447620543,-0.004424785980355672,HOLD,0.0,0.4916171133518219,False,True
3,82,0.0005217507447620543,-0.0022197567383130945,HOLD,0.0,0.4916171133518219,False,True
3,83,0.0005217507447620543,0.007747686790826158,HOLD,0.0,0.4916171133518219,True,True
3,84,0.0005217507447620543,0.003302149395758569,HOLD,0.0,0.4916171133518219,True,True
3,85,0.0005217507447620543,-0.02799820741654191,HOLD,0.0,0.4916171133518219,False,True
3,86,0.0005217507447620543,-0.02069580752922029,HOLD,0.0,0.4916171133518219,False,True
3,87,0.0005217507447620543,0.0034552294669181194,HOLD,0.0,0.4916171133518219,True,True
3,88,0.0005217507447620543,0.006874848045544724,HOLD,0.0,0.4916171133518219,True,True
3,89,0.0005217507447620543,0.0011412269426918087,HOLD,0.0,0.4916171133518219,True,True
3,90,0.0005217507447620543,0.0,HOLD,0.0,0.4916171133518219,False,True
3,91,0.0005217507447620543,0.004693842626898537,HOLD,0.0,0.4916171133518219,True,True
3,92,0.0005217507447620543,0.0,HOLD,0.0,0.4916171133518219,False,True
3,93,0.0005217507447620543,0.007915235670787446,HOLD,0.0,0.4916171133518219,True,True
3,94,0.0005217507447620543,0.0022500361060631136,HOLD,0.0,0.4916171133518219,True,True
3,95,0.0005217507447620543,-0.0057758841984645315,HOLD,0.0,0.4916171133518219,False,True
3,96,0.0005217507447620543,-0.01050996749966604,HOLD,0.0,0.4916171133518219,False,True
3,97,0.0005217507447620543,-0.002287022151794993,HOLD,0.0,0.4916171133518219,False,True
3,98,0.0005217507447620543,0.015195918340195291,HOLD,0.0,0.4916171133518219,True,True
3,99,0.0005217507447620543,0.00800172725920767,HOLD,0.0,0.4916171133518219,True,True
3,100,0.0005217507447620543,-0.0022396425935049535,HOLD,0.0,0.4916171133518219,False,True
3,101,0.0005217507447620543,-0.010424097771513985,HOLD,0.0,0.4916171133518219,False,True
3,102,0.0005217507447620543,0.0033927089370857644,HOLD,0.0,0.4916171133518219,True,True
3,103,0.0005217507447620543,0.0012693041687255047,HOLD,0.0,0.4916171133518219,True,True
3,104,0.0005217507447620543,0.025053502445550713,HOLD,0.0,0.4916171133518219,True,True
3,105,0.0005217507447620543,0.0010990521782217044,HOLD,0.0,0.4916171133518219,True,True
3,106,0.0005217507447620543,0.030026599849647617,HOLD,0.0,0.4916171133518219,True,True
3,107,0.0005217507447620543,-0.0077581983569174895,HOLD,0.0,0.4916171133518219,False,True
3,108,0.0005217507447620543,-0.0010748355193035408,HOLD,0.0,0.4916171133518219,False,True
3,109,0.0005217507447620543,-0.021193565973426587,HOLD,0.0,0.4916171133518219,False,True
3,110,0.0005217507447620543,0.005613761576485743,HOLD,0.0,0.4916171133518219,True,True
3,111,0.0005217507447620543,0.0034076227344703724,HOLD,0.0,0.4916171133518219,True,True
3,112,0.0005217507447620543,0.0,HOLD,0.0,0.4916171133518219,False,True
3,113,0.0005217507447620543,0.00217480036785922,HOLD,0.0,0.4916171133518219,True,True
3,114,0.0005217507447620543,0.004470643495668725,HOLD,0.0,0.4916171133518219,True,True
3,115,0.0005217507447620543,-0.0066454438635279445,HOLD,0.0,0.4916171133518219,False,True
3,116,0.0005217507447620543,-0.0034076227344703724,HOLD,0.0,0.4916171133518219,False,True
3,117,0.0005217507447620543,-0.005613761576485743,HOLD,0.0,0.4916171133518219,False,True
3,118,0.0005217507447620543,0.009021384310956115,HOLD,0.0,0.4916171133518219,True,True
3,119,0.0005217507447620543,0.004480355061072139,HOLD,0.0,0.4916171133518219,True,True
3,120,0.0005217507447620543,0.004460370982089401,HOLD,0.0,0.4916171133518219,True,True
3,121,0.0005217507447620543,-0.00337724062978495,HOLD,0.0,0.4916171133518219,False,True
3,122,0.0005217507447620543,-0.001083130352304451,HOLD,0.0,0.4916171133518219,False,True
3,123,0.0005217507447620543,0.0,HOLD,0.0,0.4916171133518219,False,True
3,124,0.0005217507447620543,-0.002305554693212919,HOLD,0.0,0.4916171133518219,False,True
3,125,0.0005217507447620543,0.005551432576827331,HOLD,0.0,0.4916171133518219,True,True
3,126,0.0005217507447620543,-0.003245877883614412,HOLD,0.0,0.4916171133518219,False,True
3,127,0.0005217507447620543,-0.010074966092045834,HOLD,0.0,0.4916171133518219,False,True
3,128,0.0005217507447620543,0.015613649619649728,HOLD,0.0,0.4916171133518219,True,True
3,129,0.0005217507447620543,-0.004455553175299443,HOLD,0.0,0.4916171133518219,False,True
3,130,0.0005217507447620543,-0.00556348541337659,HOLD,0.0,0.4916171133518219,False,True
3,131,0.0005217507447620543,0.00894072604316154,HOLD,0.0,0.4916171133518219,True,True
3,132,0.0005217507447620543,0.0021554635854368343,HOLD,0.0,0.4916171133518219,True,True
3,133,0.0005217507447620543,0.0010759920338720974,HOLD,0.0,0.4916171133518219,True,True
3,134,0.0005217507447620543,-0.007691826601398333,HOLD,0.0,0.4916171133518219,False,True
3,135,0.0005217507447620543,-0.008980874079187018,HOLD,0.0,0.4916171133518219,False,True
3,136,0.0005217507447620543,-0.011271596998713385,HOLD,0.0,0.4916171133518219,False,True
3,137,0.0005217507447620543,0.002347256859549951,HOLD,0.0,0.4916171133518219,True,True
3,138,0.0005217507447620543,0.008924340139163434,HOLD,0.0,0.4916171133518219,True,True
3,139,0.0005217507447620543,0.01774753619988889,HOLD,0.0,0.4916171133518219,True,True
3,140,0.0005217507447620543,-0.011072216813914793,HOLD,0.0,0.4916171133518219,False,True
3,141,0.0005217507447620543,-0.0010868089644660017,HOLD,0.0,0.4916171133518219,False,True
3,142,0.0005217507447620543,-0.001087991403393218,HOLD,0.0,0.4916171133518219,False,True
3,143,0.0005217507447620543,-0.0034076227344703724,HOLD,0.0,0.4916171133518219,False,True
3,144,0.0005217507447620543,-0.003282278657918525,HOLD,0.0,0.4916171133518219,False,True
3,145,0.0005217507447620543,-0.004530796519846447,HOLD,0.0,0.4916171133518219,False,True
3,146,0.0005217507447620543,0.002199313601279229,HOLD,0.0,0.4916171133518219,True,True
3,147,0.0005217507447620543,-0.008964959015180796,HOLD,0.0,0.4916171133518219,False,True
3,148,0.0005217507447620543,-0.02184960871440289,HOLD,0.0,0.4916171133518219,False,True
3,149,0.0005217507447620543,0.0011321824022871851,HOLD,0.0,0.4916171133518219,True,True
3,150,0.0005217507447620543,0.0011309020147898252,HOLD,0.0,0.4916171133518219,True,True
3,151,0.0005217507447620543,0.013890086524663836,HOLD,0.0,0.4916171133518219,True,True
3,152,0.0005217507447620543,0.0,HOLD,0.0,0.4916171133518219,False,True
3,153,0.0005217507447620543,0.009015942895514328,HOLD,0.0,0.4916171133518219,True,True
3,154,0.0005217507447620543,-0.009015942895514328,HOLD,0.0,0.4916171133518219,False,True
3,155,0.0005217507447620543,0.0011140510830527361,HOLD,0.0,0.4916171133518219,True,True
3,156,0.0005217507447620543,-0.0011140510830527361,HOLD,0.0,0.4916171133518219,False,True
3,157,0.0005217507447620543,-0.0011152935772003048,HOLD,0.0,0.4916171133518219,False,True
3,158,0.0005217507447620543,-0.018584231886323188,HOLD,0.0,0.4916171133518219,False,True
3,159,0.0005217507447620543,-0.005843385828056213,HOLD,0.0,0.4916171133518219,False,True
3,160,0.0005217507447620543,0.014051753455650129,HOLD,0.0,0.4916171133518219,True,True
3,161,0.0005217507447620543,-0.005795478798145126,HOLD,0.0,0.4916171133518219,False,True
3,162,0.0005217507447620543,0.011557563463847842,HOLD,0.0,0.4916171133518219,True,True
3,163,0.0005217507447620543,-0.008161013354436975,HOLD,0.0,0.4916171133518219,False,True
3,164,0.0005217507447620543,0.001129624520008754,HOLD,0.0,0.4916171133518219,True,True
3,165,0.0005217507447620543,-0.001129624520008754,HOLD,0.0,0.4916171133518219,False,True
3,166,0.0005217507447620543,0.0,HOLD,0.0,0.4916171133518219,False,True
3,167,0.0005217507447620543,0.003525848092401418,HOLD,0.0,0.4916171133518219,True,True
3,168,0.0005217507447620543,-0.010472781821904142,HOLD,0.0,0.4916171133518219,False,True
3,169,0.0005217507447620543,0.0,HOLD,0.0,0.4916171133518219,False,True
3,170,0.0005217507447620543,-0.0022788786389948967,HOLD,0.0,0.4916171133518219,False,True
3,171,0.0005217507447620543,-0.0012841551311684185,HOLD,0.0,0.4916171133518219,False,True
3,172,0.0005217507447620543,-0.00817150271286149,HOLD,0.0,0.4916171133518219,False,True
3,173,0.0005217507447620543,0.015284920103116661,HOLD,0.0,0.4916171133518219,True,True
3,174,0.0005217507447620543,0.001133465692333857,HOLD,0.0,0.4916171133518219,True,True
3,175,0.0005217507447620543,-0.006962727951420611,HOLD,0.0,0.4916171133518219,False,True
3,176,0.0005217507447620543,-0.0035711772829634114,HOLD,0.0,0.4916171133518219,False,True
3,177,0.0005217507447620543,0.0011441648845451624,HOLD,0.0,0.4916171133518219,True,True
3,178,0.0005217507447620543,0.012782449286924624,HOLD,0.0,0.4916171133518219,True,True
3,179,0.0005217507447620543,0.0035218744581007044,HOLD,0.0,0.4916171133518219,True,True
3,180,0.0005217507447620543,-0.005782400992899284,HOLD,0.0,0.4916171133518219,False,True
3,181,0.0005217507447620543,-0.009379065484876214,HOLD,0.0,0.4916171133518219,False,True
3,182,0.0005217507447620543,-0.002287022151794993,HOLD,0.0,0.4916171133518219,False,True
3,183,0.0005217507447620543,-0.0012887522367952542,HOLD,0.0,0.4916171133518219,False,True
3,184,0.0005217507447620543,0.0,HOLD,0.0,0.4916171133518219,False,True
3,185,0.0005217507447620543,-0.007190137389771145,HOLD,0.0,0.4916171133518219,False,True
3,186,0.0005217507447620543,0.0,HOLD,0.0,0.4916171133518219,False,True
3,187,0.0005217507447620543,0.019154387781541438,HOLD,0.0,0.4916171133518219,True,True
3,188,0.0005217507447620543,-0.021466193463657746,HOLD,0.0,0.4916171133518219,False,True
3,189,0.0005217507447620543,0.005913336622541898,HOLD,0.0,0.4916171133518219,True,True
3,190,0.0005217507447620543,0.0,HOLD,0.0,0.4916171133518219,False,True
3,191,0.0005217507447620543,-0.004756765725943524,HOLD,0.0,0.4916171133518219,False,True
3,192,0.0005217507447620543,-0.004779500734296782,HOLD,0.0,0.4916171133518219,False,True
3,0,0.0005056584336368057,-0.007826734572931038,HOLD,0.0,0.4943532943725586,False,True
3,1,0.0005056584336368057,0.011301131786303209,HOLD,0.0,0.4943532943725586,True,True
3,2,0.0005056584336368057,0.0033241027838393222,HOLD,0.0,0.4943532943725586,True,True
3,3,0.0005056584336368057,-0.006659292089977065,HOLD,0.0,0.4943532943725586,False,True
3,4,0.0005056584336368057,0.03420774087516154,HOLD,0.0,0.4943532943725586,True,True
3,5,0.0005056584336368057,-0.002154592807660727,HOLD,0.0,0.4943532943725586,False,True
3,6,0.0005056584336368057,0.005377802689229938,HOLD,0.0,0.4943532943725586,True,True
3,7,0.0005056584336368057,0.004281515772499134,HOLD,0.0,0.4943532943725586,True,True
3,8,0.0005056584336368057,-0.011953671313799319,HOLD,0.0,0.4943532943725586,False,True
3,9,0.0005056584336368057,-0.008685086483471771,HOLD,0.0,0.4943532943725586,False,True
3,10,0.0005056584336368057,0.012057316023031284,HOLD,0.0,0.4943532943725586,True,True
3,11,0.0005056584336368057,-0.016428310552226044,HOLD,0.0,0.4943532943725586,False,True
3,12,0.0005056584336368057,0.0,HOLD,0.0,0.4943532943725586,False,True
3,13,0.0005056584336368057,-0.0067303323898268985,HOLD,0.0,0.4943532943725586,False,True
3,14,0.0005056584336368057,-0.014576505746576984,HOLD,0.0,0.4943532943725586,False,True
3,15,0.0005056584336368057,0.011263416023616912,HOLD,0.0,0.4943532943725586,True,True
3,16,0.0005056584336368057,-0.00554632592055615,HOLD,0.0,0.4943532943725586,False,True
3,17,0.0005056584336368057,0.01996074256253788,HOLD,0.0,0.4943532943725586,True,True
3,18,0.0005056584336368057,-0.006563677331781648,HOLD,0.0,0.4943532943725586,False,True
3,19,0.0005056584336368057,0.005472718543637178,HOLD,0.0,0.4943532943725586,True,True
3,20,0.0005056584336368057,-0.008908439644720545,HOLD,0.0,0.4943532943725586,False,True
3,21,0.0005056584336368057,-0.009961344129672867,HOLD,0.0,0.4943532943725586,False,True
3,22,0.0005056584336368057,-0.025061145451332756,HOLD,0.0,0.4943532943725586,False,True
3,23,0.0005056584336368057,0.031713054679638475,HOLD,0.0,0.4943532943725586,True,True
3,24,0.0005056584336368057,-0.0157308178778921,HOLD,0.0,0.4943532943725586,False,True
3,25,0.0005056584336368057,-0.015982236801746375,HOLD,0.0,0.4943532943725586,False,True
3,26,0.0005056584336368057,-0.008016074988236532,HOLD,0.0,0.4943532943725586,False,True
3,27,0.0005056584336368057,-0.023410738365249095,HOLD,0.0,0.4943532943725586,False,True
3,28,0.0005056584336368057,0.008205174239185098,HOLD,0.0,0.4943532943725586,True,True
3,29,0.0005056584336368057,0.0023320226280585388,HOLD,0.0,0.4943532943725586,True,True
3,30,0.0005056584336368057,0.00826391074848587,HOLD,0.0,0.4943532943725586,True,True
3,31,0.0005056584336368057,-0.010595933376544409,HOLD,0.0,0.4943532943725586,False,True
3,32,0.0005056584336368057,0.010595933376544409,HOLD,0.0,0.4943532943725586,True,True
3,33,0.0005056584336368057,-0.007099935642531641,HOLD,0.0,0.4943532943725586,False,True
3,34,0.0005056584336368057,0.017441883607797415,HOLD,0.0,0.4943532943725586,True,True
3,35,0.0005056584336368057,0.009245496481288917,HOLD,0.0,0.4943532943725586,True,True
3,36,0.0005056584336368057,0.014756785245843673,HOLD,0.0,0.4943532943725586,True,True
3,37,0.0005056584336368057,-0.015890090367851606,HOLD,0.0,0.4943532943725586,False,True
3,38,0.0005056584336368057,-0.0069696605294824465,HOLD,0.0,0.4943532943725586,False,True
3,39,0.0005056584336368057,-0.0011425308297985382,HOLD,0.0,0.4943532943725586,False,True
3,40,0.0005056584336368057,-0.008034476505901722,HOLD,0.0,0.4943532943725586,False,True
3,41,0.0005056584336368057,0.004599030813865035,HOLD,0.0,0.4943532943725586,True,True
3,42,0.0005056584336368057,0.006859129492780447,HOLD,0.0,0.4943532943725586,True,True
3,43,0.0005056584336368057,0.0,HOLD,0.0,0.4943532943725586,False,True
3,44,0.0005056584336368057,-0.005712669063395737,HOLD,0.0,0.4943532943725586,False,True
3,45,0.0005056584336368057,0.006993534534180057,HOLD,0.0,0.4943532943725586,True,True
3,46,0.0005056584336368057,0.005672969405079442,HOLD,0.0,0.4943532943725586,True,True
3,47,0.0005056584336368057,0.019189607683932408,HOLD,0.0,0.4943532943725586,True,True
3,48,0.0005056584336368057,0.016647560637676584,HOLD,0.0,0.4943532943725586,True,True
3,49,0.0005056584336368057,-0.004375776160229883,HOLD,0.0,0.4943532943725586,False,True
3,50,0.0005056584336368057,-0.006737736042804698,HOLD,0.0,0.4943532943725586,False,True
3,51,0.0005056584336368057,-0.004424785980355672,HOLD,0.0,0.4943532943725586,False,True
3,52,0.0005056584336368057,-0.0022197567383130945,HOLD,0.0,0.4943532943725586,False,True
3,53,0.0005056584336368057,0.007747686790826158,HOLD,0.0,0.4943532943725586,True,True
3,54,0.0005056584336368057,0.003302149395758569,HOLD,0.0,0.4943532943725586,True,True
3,55,0.0005056584336368057,-0.02799820741654191,HOLD,0.0,0.4943532943725586,False,True
3,56,0.0005056584336368057,-0.02069580752922029,HOLD,0.0,0.4943532943725586,False,True
3,57,0.0005056584336368057,0.0034552294669181194,HOLD,0.0,0.4943532943725586,True,True
3,58,0.0005056584336368057,0.006874848045544724,HOLD,0.0,0.4943532943725586,True,True
3,59,0.0005056584336368057,0.0011412269426918087,HOLD,0.0,0.4943532943725586,True,True
3,60,0.0005056584336368057,0.0,HOLD,0.0,0.4943532943725586,False,True
3,61,0.0005056584336368057,0.004693842626898537,HOLD,0.0,0.4943532943725586,True,True
3,62,0.0005056584336368057,0.0,HOLD,0.0,0.4943532943725586,False,True
3,63,0.0005056584336368057,0.007915235670787446,HOLD,0.0,0.4943532943725586,True,True
3,64,0.0005056584336368057,0.0022500361060631136,HOLD,0.0,0.4943532943725586,True,True
3,65,0.0005056584336368057,-0.0057758841984645315,HOLD,0.0,0.4943532943725586,False,True
3,66,0.0005056584336368057,-0.01050996749966604,HOLD,0.0,0.4943532943725586,False,True
3,67,0.0005056584336368057,-0.002287022151794993,HOLD,0.0,0.4943532943725586,False,True
3,68,0.0005056584336368057,0.015195918340195291,HOLD,0.0,0.4943532943725586,True,True
3,69,0.0005056584336368057,0.00800172725920767,HOLD,0.0,0.4943532943725586,True,True
3,70,0.0005056584336368057,-0.0022396425935049535,HOLD,0.0,0.4943532943725586,False,True
3,71,0.0005056584336368057,-0.010424097771513985,HOLD,0.0,0.4943532943725586,False,True
3,72,0.0005056584336368057,0.0033927089370857644,HOLD,0.0,0.4943532943725586,True,True
3,73,0.0005056584336368057,0.0012693041687255047,HOLD,0.0,0.4943532943725586,True,True
3,74,0.0005056584336368057,0.025053502445550713,HOLD,0.0,0.4943532943725586,True,True
3,75,0.0005056584336368057,0.0010990521782217044,HOLD,0.0,0.4943532943725586,True,True
3,76,0.0005056584336368057,0.030026599849647617,HOLD,0.0,0.4943532943725586,True,True
3,77,0.0005056584336368057,-0.0077581983569174895,HOLD,0.0,0.4943532943725586,False,True
3,78,0.0005056584336368057,-0.0010748355193035408,HOLD,0.0,0.4943532943725586,False,True
3,79,0.0005056584336368057,-0.021193565973426587,HOLD,0.0,0.4943532943725586,False,True
3,80,0.0005056584336368057,0.005613761576485743,HOLD,0.0,0.4943532943725586,True,True
3,81,0.0005056584336368057,0.0034076227344703724,HOLD,0.0,0.4943532943725586,True,True
3,82,0.0005056584336368057,0.0,HOLD,0.0,0.4943532943725586,False,True
3,83,0.0005056584336368057,0.00217480036785922,HOLD,0.0,0.4943532943725586,True,True
3,84,0.0005056584336368057,0.004470643495668725,HOLD,0.0,0.4943532943725586,True,True
3,85,0.0005056584336368057,-0.0066454438635279445,HOLD,0.0,0.4943532943725586,False,True
3,86,0.0005056584336368057,-0.0034076227344703724,HOLD,0.0,0.4943532943725586,False,True
3,87,0.0005056584336368057,-0.005613761576485743,HOLD,0.0,0.4943532943725586,False,True
3,88,0.0005056584336368057,0.009021384310956115,HOLD,0.0,0.4943532943725586,True,True
3,89,0.0005056584336368057,0.004480355061072139,HOLD,0.0,0.4943532943725586,True,True
3,90,0.0005056584336368057,0.004460370982089401,HOLD,0.0,0.4943532943725586,True,True
3,91,0.0005056584336368057,-0.00337724062978495,HOLD,0.0,0.4943532943725586,False,True
3,92,0.0005056584336368057,-0.001083130352304451,HOLD,0.0,0.4943532943725586,False,True
3,93,0.0005056584336368057,0.0,HOLD,0.0,0.4943532943725586,False,True
3,94,0.0005056584336368057,-0.002305554693212919,HOLD,0.0,0.4943532943725586,False,True
3,95,0.0005056584336368057,0.005551432576827331,HOLD,0.0,0.4943532943725586,True,True
3,96,0.0005056584336368057,-0.003245877883614412,HOLD,0.0,0.4943532943725586,False,True
3,97,0.0005056584336368057,-0.010074966092045834,HOLD,0.0,0.4943532943725586,False,True
3,98,0.0005056584336368057,0.015613649619649728,HOLD,0.0,0.4943532943725586,True,True
3,99,0.0005056584336368057,-0.004455553175299443,HOLD,0.0,0.4943532943725586,False,True
3,100,0.0005056584336368057,-0.00556348541337659,HOLD,0.0,0.4943532943725586,False,True
3,101,0.0005056584336368057,0.00894072604316154,HOLD,0.0,0.4943532943725586,True,True
3,102,0.0005056584336368057,0.0021554635854368343,HOLD,0.0,0.4943532943725586,True,True
3,103,0.0005056584336368057,0.0010759920338720974,HOLD,0.0,0.4943532943725586,True,True
3,104,0.0005056584336368057,-0.007691826601398333,HOLD,0.0,0.4943532943725586,False,True
3,105,0.0005056584336368057,-0.008980874079187018,HOLD,0.0,0.4943532943725586,False,True
3,106,0.0005056584336368057,-0.011271596998713385,HOLD,0.0,0.4943532943725586,False,True
3,107,0.0005056584336368057,0.002347256859549951,HOLD,0.0,0.4943532943725586,True,True
3,108,0.0005056584336368057,0.008924340139163434,HOLD,0.0,0.4943532943725586,True,True
3,109,0.0005056584336368057,0.01774753619988889,HOLD,0.0,0.4943532943725586,True,True
3,110,0.0005056584336368057,-0.011072216813914793,HOLD,0.0,0.4943532943725586,False,True
3,111,0.0005056584336368057,-0.0010868089644660017,HOLD,0.0,0.4943532943725586,False,True
3,112,0.0005056584336368057,-0.001087991403393218,HOLD,0.0,0.4943532943725586,False,True
3,113,0.0005056584336368057,-0.0034076227344703724,HOLD,0.0,0.4943532943725586,False,True
3,114,0.0005056584336368057,-0.003282278657918525,HOLD,0.0,0.4943532943725586,False,True
3,115,0.0005056584336368057,-0.004530796519846447,HOLD,0.0,0.4943532943725586,False,True
3,116,0.0005056584336368057,0.002199313601279229,HOLD,0.0,0.4943532943725586,True,True
3,117,0.0005056584336368057,-0.008964959015180796,HOLD,0.0,0.4943532943725586,False,True
3,118,0.0005056584336368057,-0.02184960871440289,HOLD,0.0,0.4943532943725586,False,True
3,119,0.0005056584336368057,0.0011321824022871851,HOLD,0.0,0.4943532943725586,True,True
3,120,0.0005056584336368057,0.0011309020147898252,HOLD,0.0,0.4943532943725586,True,True
3,121,0.0005056584336368057,0.013890086524663836,HOLD,0.0,0.4943532943725586,True,True
3,122,0.0005056584336368057,0.0,HOLD,0.0,0.4943532943725586,False,True
3,123,0.0005056584336368057,0.009015942895514328,HOLD,0.0,0.4943532943725586,True,True
3,124,0.0005056584336368057,-0.009015942895514328,HOLD,0.0,0.4943532943725586,False,True
3,125,0.0005056584336368057,0.0011140510830527361,HOLD,0.0,0.4943532943725586,True,True
3,126,0.0005056584336368057,-0.0011140510830527361,HOLD,0.0,0.4943532943725586,False,True
3,127,0.0005056584336368057,-0.0011152935772003048,HOLD,0.0,0.4943532943725586,False,True
3,128,0.0005056584336368057,-0.018584231886323188,HOLD,0.0,0.4943532943725586,False,True
3,129,0.0005056584336368057,-0.005843385828056213,HOLD,0.0,0.4943532943725586,False,True
3,130,0.0005056584336368057,0.014051753455650129,HOLD,0.0,0.4943532943725586,True,True
3,131,0.0005056584336368057,-0.005795478798145126,HOLD,0.0,0.4943532943725586,False,True
3,132,0.0005056584336368057,0.011557563463847842,HOLD,0.0,0.4943532943725586,True,True
3,133,0.0005056584336368057,-0.008161013354436975,HOLD,0.0,0.4943532943725586,False,True
3,134,0.0005056584336368057,0.001129624520008754,HOLD,0.0,0.4943532943725586,True,True
3,135,0.0005056584336368057,-0.001129624520008754,HOLD,0.0,0.4943532943725586,False,True
3,136,0.0005056584336368057,0.0,HOLD,0.0,0.4943532943725586,False,True
3,137,0.0005056584336368057,0.003525848092401418,HOLD,0.0,0.4943532943725586,True,True
3,138,0.0005056584336368057,-0.010472781821904142,HOLD,0.0,0.4943532943725586,False,True
3,139,0.0005056584336368057,0.0,HOLD,0.0,0.4943532943725586,False,True
3,140,0.0005056584336368057,-0.0022788786389948967,HOLD,0.0,0.4943532943725586,False,True
3,141,0.0005056584336368057,-0.0012841551311684185,HOLD,0.0,0.4943532943725586,False,True
3,142,0.0005056584336368057,-0.00817150271286149,HOLD,0.0,0.4943532943725586,False,True
3,143,0.0005056584336368057,0.015284920103116661,HOLD,0.0,0.4943532943725586,True,True
3,144,0.0005056584336368057,0.001133465692333857,HOLD,0.0,0.4943532943725586,True,True
3,145,0.0005056584336368057,-0.006962727951420611,HOLD,0.0,0.4943532943725586,False,True
3,146,0.0005056584336368057,-0.0035711772829634114,HOLD,0.0,0.4943532943725586,False,True
3,147,0.0005056584336368057,0.0011441648845451624,HOLD,0.0,0.4943532943725586,True,True
3,148,0.0005056584336368057,0.012782449286924624,HOLD,0.0,0.4943532943725586,True,True
3,149,0.0005056584336368057,0.0035218744581007044,HOLD,0.0,0.4943532943725586,True,True
3,150,0.0005056584336368057,-0.005782400992899284,HOLD,0.0,0.4943532943725586,False,True
3,151,0.0005056584336368057,-0.009379065484876214,HOLD,0.0,0.4943532943725586,False,True
3,152,0.0005056584336368057,-0.002287022151794993,HOLD,0.0,0.4943532943725586,False,True
3,153,0.0005056584336368057,-0.0012887522367952542,HOLD,0.0,0.4943532943725586,False,True
3,154,0.0005056584336368057,0.0,HOLD,0.0,0.4943532943725586,False,True
3,155,0.0005056584336368057,-0.007190137389771145,HOLD,0.0,0.4943532943725586,False,True
3,156,0.0005056584336368057,0.0,HOLD,0.0,0.4943532943725586,False,True
3,157,0.0005056584336368057,0.019154387781541438,HOLD,0.0,0.4943532943725586,True,True
3,158,0.0005056584336368057,-0.021466193463657746,HOLD,0.0,0.4943532943725586,False,True
3,159,0.0005056584336368057,0.005913336622541898,HOLD,0.0,0.4943532943725586,True,True
3,160,0.0005056584336368057,0.0,HOLD,0.0,0.4943532943725586,False,True
3,161,0.0005056584336368057,-0.004756765725943524,HOLD,0.0,0.4943532943725586,False,True
3,162,0.0005056584336368057,-0.004779500734296782,HOLD,0.0,0.4943532943725586,False,True
